문화재명,분류,소재지,상세주소,위도,경도,상세설명
군위 아미타여래삼존 석굴,국보,대구,"
			
	             
	                 
	                 
	                     대구광역시 군위군 부계면 남산리 1477
	                 
	             
	         
	         
		",128.64110421392,36.0489946895272,"경상북도 군위군 팔공산 절벽의 자연동굴에 만들어진 통일신라 초기의 석굴사원으로, 인공적으로 만들어진 경주 석굴암 석굴(국보)보다 연대가 앞선다. 이 석굴에는 700년경에 만들어진 삼존석불이 모셔져 있다.
 가운데 본존불은 사각형의 대좌(臺座) 위에 양 발을 무릎 위에 올리고 발바닥이 위로 향한 자세로 앉아 있는 모습이다. 민머리 위에는 상투 모양의 큼직한 머리(육계)가 있으며, 얼굴은 몸에 비하여 큰 편으로 삼국시대 불상에서 보이던 친근한 미소 대신 위엄있는 모습을 하고 있다. 옷은 얇게 걸치고 있어서 당당한 신체의 굴곡을 여실히 드러내고 있으며, 옷자락은 넓은 무릎을 거쳐 불상이 앉아 있는 대좌 아래까지 길게 늘어져 있다. 손모양은 오른손을 무릎 위에 올리고 손가락이 땅을 향한 항마촉지인(降魔觸地印)을 하고 있다.
 같은 양식을 보여주는 좌우의 보살상은 각각의 머리에 작은 불상과 정병이 새겨진 관(冠)을 쓰고 있다. 가슴 앞에는 목걸이를 걸치고 팔에는 팔찌를 끼고 있으며, 옷은 길게 U자형의 주름을 그리면서 내려오고 있다. 이들 보살상은 날씬한 몸매에 어울리는 신체 비례와 목·허리·다리 3부분을 비틀고 있는 모습에서 새롭게 수용된 중국 당나라 양식을 보여주고 있다.
 이 작품은 삼국시대 조각이 통일신라시대로 옮겨가는 과정에서 만들어진 것으로 높은 문화사적 가치를 지니고 있으며, 자연 암벽을 뚫고 그 속에 불상을 배치한 본격적인 석굴사원이라는 점에서 불교 미술사에 중요한 위치를 차지하고 있다."
구미 선산읍 금동여래입상,국보,대구 수성구,"
			
	             
	                 
	                 
	                     대구 수성구 청호로 321, 국립대구박물관 (황금동,국립대구박물관)
	                 
	             
	         
	         
		",128.637925230409,35.8458590712431,"1976년 경상북도 선산군 고아면 봉한 2동 뒷산에서 공사를 하던 중 금동관음보살입상 2구(국보)와 함께 출토되었다. 전하는 이야기에 따르면 이 불상들은 발견되기 70여 년전에 어느 농부에 의하여 부근 대밭골이라는 곳에서 발견되었다가, 몇년 뒤 현재의 장소에 다시 묻었던 것이라고 한다. 현재는 왼손과 왼발 일부가 없어지고, 얼굴과 가슴에 약간의 녹이 있으나 도금 상태는 좋은 편이다. 
 머리에는 작은 소라 모양의 머리칼을 붙여 놓았으며, 그 위에는 상투 모양의 머리(육계)가 큼직하게 자리잡고 있다. 양감 있는 얼굴은 원만하며, 예리한 선으로 눈·코·입을 표현하였다. 옷은 양 어깨에 걸쳐 입고 있는데, 몸에 달라 붙어서 신체의 굴곡을 그대로 드러내고 있다. 옷자락은 배부분에서 평행한 U자형의 주름을 이루고, 다리 부분에서 좌우로 갈라져 대칭을 이루면서 발목까지 드리워졌다. 손은 오른손을 들어 손바닥이 앞을 향하도록 하고 있으며 왼손은 손끝이 땅을 향하게 하여 역시 손바닥을 보이고 있다.  
 몸의 형태나 세부 표현이 부드럽고 단순하며, 옷주름이 정리되어서 단정한 인상을 주고 있는 이 불상은 통일신라시대 불상의 생동하는 모습을 잘 보여주고 있다. 하지만 다소 경직된 자세와 고졸한 미소가 남아 있는 얼굴, 우전왕식의 착의 법, 뒷면에 작은 틀잡이 구멍이 있는 중공식 주조법 등에서 7세기 후반에서 8세기 초반에 조성된 작품으로 추정된다."
구미 선산읍 금동보살입상(1976-1),국보,대구 수성구,"
			
	             
	                 
	                 
	                     대구 수성구 청호로 321, 국립대구박물관 (황금동,국립대구박물관)
	                 
	             
	         
	         
		",128.637925230409,35.8458590712431,"경상북도 선산군 고아면에서 공사를 하던 중 구미 선산읍 금동여래입상(국보), 구미 선산읍 금동보살입상(국보)과 함께 출토되었다. 이 지역에서 삼국시대의 기와조각과 토기조각들이 많이 출토되어서 원래 절터였던 것으로 추정된다.
  보살상은 연꽃무늬가 새겨진 대좌(臺座) 위에 오른쪽 무릎을 약간 구부린 채 자연스럽고 유연한 자세로 서 있다. 머리에는 꽃장식의 관(冠)을 썼는데, 관의 정면에는 작은 부처가 새겨져 있다. 눈·코·입의 표현이 분명한 얼굴은 둥근 편으로 전면에 미소를 머금고 있다.
  신체는 비교적 날씬한 편으로 균형이 잘 맞으며, 옷은 몸에 얇게 밀착되어 있다. 옷자락은 오른팔에 한 번 걸쳐 무릎 앞에서 둥글게 드리워지고, 다시 왼팔 위로 걸쳐 그 끝이 대좌 위로 내려뜨려졌다. 목에는 목걸이가 걸려 있으며, 어깨에서 시작한 구슬 장식은 길게 늘어져 X자를 그렸다. 불상의 뒷면에도 옷주름과 X자형의 구슬 장식이 표현되어 있다. 오른손은 위로 들어 연꽃 봉오리를 가볍게 들고 있으며, 왼손은 내려서 물건을 잡은 듯한 모습을 하고 있으나 물건은 없어진 상태이다. 대좌는 7각형이며, 아래로 향한 연꽃잎이 새겨져 있다.
  현재 꽃장식 관의 왼쪽 윗부분과 양 손 아래로 내려뜨린 옷자락 및 왼손 손가락 일부가 파손된 상태이며, 광배(光背) 또한 없어졌다. 얼굴과 오른손에 녹이 슬어있으나 도금 상태는 비교적 좋은 편이다. 전체적인 균형과 조각수법이 뛰어난 이 보살상은 삼국시대 후기 금동보살상의 전형적인 양식을 보여주며 7세기 중엽에 만들어진 것으로 추정된다."
구미 선산읍 금동보살입상(1976-2),국보,대구 수성구,"
			
	             
	                 
	                 
	                     대구 수성구 청호로 321, 국립대구박물관 (황금동,국립대구박물관)
	                 
	             
	         
	         
		",128.637925230409,35.8458590712431,"경상북도 선산군 고아면에서 공사를 하던 중 구미 선산읍 금동여래입상(국보), 구미 선산읍 금동보살입상(국보)과 함께 출토되었다. 이 지역에서 삼국시대의 기와조각과 토기조각들이 많이 출토되어서 원래 절터였던 것으로 추정된다.
 정면을 향해 꼿꼿이 선 보살상은 머리에 꽃으로 장식된 관(冠)을 쓰고 있으며, 관의 가운데에는 둥근 테두리 안에 작은 부처가 새겨져 있다. 약간 길고 네모진 얼굴은 엄숙한 표정을 띠며, 어깨는 넓은 편이어서 근엄하고 딱딱한 느낌을 준다. 길고 굵은 목에는 복잡한 구슬 장식의 목걸이가 걸려 있고, 어깨로부터 늘어진 목걸이는 배부분에서 X자를 그리며 교차한다. 또 목걸이 장식의 연결부분마다 또다른 구슬을 걸쳐 매우 번잡하게 나타냈는데, 신라시대 보살상으로는 드물게 많은 장신구를 지니고 있어 주목된다. 오른손은 내려서 구슬장식을 가볍게 잡고 있으며, 왼손은 윗부분이 떨어져 나갔으나 정병(淨甁)과 연꽃가지를 들고 있었던 것 같다.
 현재 광배(光背)와 대좌(臺座)는 없어진 상태인데, 머리 뒤에는 광배 꼭지가 남아 있으며 발 아래에는 대좌에 꽂기 위한 기둥모양의 촉(觸)이 높게 달려 있다.
 전체적으로 근엄하고 당당한 모습이며, 중국적인 요소가 강한 복잡하고 화려한 장신구의 표현이 매우 특이한 이 보살상은 7세기 전반에 만들어진 것으로 추정되는데, 이 시기 금동보살상으로서는 유례가 드문 작품으로 가치가 매우 크다."
대구 산격동 연화 운룡장식 승탑,보물,대구 북구,"
			
	             
	                 
	                 
	                     대구 북구 산격3동 1370번지 경북대학교박물관
	                 
	             
	         
	         
		",128.613334,35.888739,"경북대학교 박물관에 세워져 있는 이 탑은 사리를 넣어두는 탑신(塔身)을 중심으로, 아래에는 이를 받쳐주는 기단부(基壇部)를 두고, 위로는 머리장식을 얹었다. 
 기단의 아래받침돌은 4각이며 각 면에는 엎어놓은 연꽃무늬가 조각되어 있다. 가운데받침돌은 동그스름한 8각으로, 표면 전체에 구름이 새겨져 있으며, 앞·뒤·좌·우에는 용 네 마리가 도드라지게 조각되어 있다. 각이 선명하고 강인함이 느껴지는데, 여기에서도 고려시대의 기상이 묻어나온다. 탑신은 8각의 몸돌 모서리에 기둥 모양을 본떠 새겼다. 앞·뒷면에는 문짝 모양을 조각하였으며, 그 좌우에는 불법을 지켜주는 4천왕(四天王)을 새겨 놓았다. 지붕돌 역시 8각이며, 꼭대기에서 가파른 경사를 보이다가 밑에서 넓게 퍼져 있다. 낙수면의 각 모서리선은 뚜렷하며 여덟 곳의 귀퉁이에서 살짝 들려 있다. 
 전체적으로 8각의 양식을 잘 따르면서도 고려시대의 특징이 잘 나타나 있다. 곳곳에서 여주 고달사지 승탑(국보)을 떠올리게 하지만 조각수법이 다소 뒤떨어져 있으며, 고려 전기에 만들어졌을 것으로 보인다. 탑신의 윗부분이 조금은 움츠러든 감이 있으나, 가운데받침돌에 새겨진 구름과 용무늬는 기단부의 웅장함을 돋보이게 한다.
 일본인의 집에 있던 것을 경북대학교 박물관으로 옮겨 놓았으며, 원래의 위치나 주인공에 대해서는 알려지지 않고 있다."
의성 관덕동 석사자,보물,대구 수성구,"
			
	             
	                 
	                 
	                     대구광역시 수성구 청호로 321 (황금동, 국립대구박물관)
	                 
	             
	         
	         
		",128.637925230409,35.8458590712431,"의성 관덕리 삼층석탑(보물)의 기단(基壇) 윗면에 배치되어 있던 네 마리의 사자상 가운데 남아있는 사자상 2구이다. 한 쌍은 1940년에 분실되었고 나머지 한 쌍만 국립경주박물관에 보관되어 있다.
 2구 모두 조각수법을 알아볼 수 없을 정도로 심하게 닳아 있다. 암사자는 앞발을 곧게 세우고 뒷발은 구부린 자세로 앉아있다. 얼굴은 오른쪽을 향하고 있으며 굵은 목에는 구슬목걸이가 남아 있어 불국사 다보탑의 돌사자 장식을 연상하게 한다. 여기서 눈길을 끄는 것은 배 밑에 세 마리의 새끼 사자가 있고 그 중 한 마리는 어미젖을 빨고 있는 희귀한 모습이다. 수사자는 암사자와 같은 자세로 앉아 있으며, 고개를 약간 왼쪽으로 향하고 있어 암수가 서로 마주보는 배치였던 것으로 추측된다.
 조성연대는 의성 관덕리 삼층석탑과 같은 시기인 9세기 초반의 작품으로 추정된다. 세부의 수법을 파악하기 어려우나 전체적으로 균형이 잘 잡혀있고, 양쪽 발과 앞가슴의 근육 등에서 힘찬 조각의 일면을 엿볼 수 있다."
대구 동화사 마애여래좌상,보물,대구 동구,"
			
	             
	                 
	                 
	                     대구 동구 팔공산로201길 41, 동화사 (도학동)
	                 
	             
	         
	         
		",128.701137307573,35.9856827493256,"동화사 입구 오른쪽의 암벽을 다듬어서 조각한 불상이다. 지상에서 높이 위치한 이 불상은 구름을 타고 하늘에서 내려오는 듯한 개성있는 모습이다. 
 얼굴은 부피감을 느낄 수 있는 비교적 풍만한 모습인데, 세부표현은 평면적이며, 짧은 목에는 3개의 주름이 있고, 어깨는 반듯하다. 손모양은 오른손을 무릎에 대어 손끝이 아래를 가리키고, 왼손은 손바닥을 위로 향하게 하여 배꼽 앞에 놓았다. 옷은 양 어깨를 감싸고 있는데, 규칙적으로 얇게 빚은 평행의 옷주름선이 나타나있다. 몸에서 나오는 빛을 형상화한 광배(光背)는 끝이 날카로운 배(舟) 모양이다. 주변 가장자리는 타오르는 불꽃무늬를 그대로 이용하였고, 머리광배와 몸광배는 2줄의 선으로 표현하였다. 대좌는 구름 위에 떠 있는데, 구름무늬의 표현이 매우 사실적이어서 이 불상에 활기찬 생동감을 주고 있다.
 원만한 얼굴, 장식성이 강한 대좌(臺座)와 광배의 표현으로 볼 때 통일신라 후기인 9세기의 작품으로 보인다."
대구 동화사 비로암 석조비로자나불좌상,보물,대구 동구,"
			
	             
	                 
	                 
	                     대구 동구 팔공산로201길 41, 동화사 (도학동)
	                 
	             
	         
	         
		",128.7027458,35.99202379,"민애왕(재위 838∼839)의 명복을 빌기 위해서 만든 대구 동화사 비로암 삼층석탑(보물)과 동시에 만들어졌을 것으로 추정되는 높이 1.29m의 불상이다.
 둥근 얼굴은 풍만하고 눈·코·입이 작아지고 있으며, 미소가 사라지고 단아한 모습이다. 8세기 불상에 비해 어깨는 뚜렷하게 좁아졌으며, 가슴은 평평하고, 하체의 처리도 역시 둔화되었다. 이러한 위축되고 둔화된 표현은 9세기 중엽에 나타나는 전형적인 불상양식이다. 손모양은 비로자나불이 일반적으로 취하고 있는 모습으로 왼손 검지를 오른손으로 감싼 형태이다. 옷은 양 어깨를 감싸고 있는데, 규칙적으로 얇은 평행의 옷주름선이 있고, 아랫도리에 있는 U자형 무늬가 특이하다. 부처의 몸 전체에서 나오는 빛을 형상화한 광배는 배(舟) 모양으로, 가장자리를 불꽃이 타오르는 모양으로 표현하였다. 광배의 꼭대기 부분에는 삼존불, 양쪽에는 8구의 작은 부처가 배치되어 있다.
 대좌(臺座)와 광배(光背)를 갖추고 있으며 손상이 거의 없는 9세기에 유행하던 비로자나불상의 대표적인 예이다."
대구 동화사 비로암 삼층석탑,보물,대구 동구,"
			
	             
	                 
	                 
	                     대구 동구 팔공산로201길 41, 동화사 (도학동)
	                 
	             
	         
	         
		",128.702764,35.991914,"동화사 서쪽 언덕에 자리잡은 비로암의 대적광전 앞뜰에 세워져 있는 3층석탑으로, 2단의 기단(基壇) 위에 3층의 탑신(塔身)을 세운 모습이다.
 기단의 각 층에는 네 면마다 모서리와 가운데에 기둥 모양의 조각을 새겼다. 탑신의 몸돌과 지붕돌은 각기 한 돌로 이루어져 있고, 몸돌에는 모서리마다 기둥을 본뜬 조각을 두었다. 지붕돌은 밑면의 받침수가 층마다 4단이며, 처마는 곱게 뻗어 나가다가 네 귀퉁이에서 살짝 들려 있다. 꼭대기에는 머리장식으로 노반(露盤:머리장식받침)과 복발(覆鉢:엎어놓은 그릇모양의 장식), 보주(寶珠:연꽃봉오리모양의 장식)가 차례로 올려져 있다.
 각 기단 위에 괴임을 여러 개 둔다거나, 지붕돌 네 귀퉁이의 들린 정도가 크지 않은 점 등에서 통일신라 후기의 석탑양식을 따르고 있는 단정하고 아름다운 작품이다.
 1966년 부처님의 사리를 담는 기구 일부를 도둑 맞았으나, 없어지지 않은 사리돌그릇에 통일신라 경문왕 3년(863)에 민애왕의 명복을 빌고자 이 탑을 세웠다는 기록이 남아 있어 중요한 자료가 되고 있다."
대구 동화사 금당암 동·서 삼층석탑,보물,대구 동구,"
			
	             
	                 
	                 
	                     대구 동구 팔공산로201길 41, 동화사 (도학동)
	                 
	             
	         
	         
		",128.70525,35.992479,"동화사 금당암의 극락전 앞에 동·서로 서 있는 2기의 석탑으로, 두 탑 모두 2단의 기단(基壇)위에 3층의 탑신(塔身)을 세운 모습이다.
 먼저 동쪽의 탑은 2단의 기단 대부분이 나중에 보수된 것이라서 돌을 다룬 수법과 끝맺음 처리 부분에서 조화를 잃어버리고 있다. 위층 기단의 각 면에는 가운데와 모서리에 기둥 모양을 새겼다. 탑신의 몸돌과 지붕돌을 각각 따로 새겨 쌓아 올렸으며, 각 몸돌에는 모서리마다 기둥 모양의 조각을 두었을 뿐 다른 장식은 없다. 지붕돌은 밑면의 받침이 4단씩 새겨져 있다. 꼭대기에는 머리장식으로 노반(露盤:머리장식받침), 복발(覆鉢:엎어놓은 그릇모양의 장식), 앙화(仰花:솟은 연꽃모양의 장식), 보주(寶珠:연꽃봉오리모양의 장식)가 차례로 올려져 있다. 
 서탑은 위층 기단의 두 면에 가운데에만 기둥 모양을 새기고, 반대쪽 면의 기둥 사잇돌을 밀어넣어 그 돌로 모서리기둥을 삼았다. 탑신부의 각 층 몸돌과 지붕돌은 각각 한 돌로 이루어져 있으며, 몸돌은 모서리마다 기둥을 본 뜬 조각을 두었다. 지붕돌은 밑면의 받침이 4단씩이다. 꼭대기에는 머리장식을 받치던 네모난 돌만 남아 있고, 그 위로 머리장식부의 무게중심을 지탱하던 쇠꼬챙이가 솟아 있다. 1957년에 탑을 해체하여 복원하였는데, 그 속에서 조그만 탑 99개와 부처님의 사리를 담아두는 장치가 나왔다. 
 이 두 탑은 부분적으로 없어진 머리장식을 빼고는 조각의 양식이나 끝맺음 수법이 서로 비슷하고, 균형 또한 잘 이루어져 경쾌한 느낌을 준다. 기단과 탑신, 그리고 머리장식부의 세부적인 양식에서 통일신라시대 후기의 전형적인 탑의 모습을 보여주고 있다."
대구 동화사 당간지주,보물,대구 동구,"
			
	             
	                 
	                 
	                     대구 동구 팔공산로201길 41, 동화사 (도학동)
	                 
	             
	         
	         
		",128.704436464676,35.9920990735712,"절에 행사가 있을 때 절의 입구에는 당(幢)이라는 깃발을 달아두는데, 이 깃발을 달아두는 장대를 당간(幢竿)이라 하며, 장대를 양쪽에서 지탱해 주는 두 돌기둥을 당간지주라 한다.
 이 당간지주는 두 기둥이 66㎝의 간격으로 마주보고 서 있다. 기둥이 마주보는 부분과 앞뒷면은 모서리를 둥글게 다듬었을 뿐 아무 장식이 없고, 바깥면에는 모서리를 깎고 중심에는 세로로 능선을 조각하였다. 기둥의 꼭대기는 반원으로 둥글게 처리하였고, 기둥의 앞면 중간부분 1m정도를 살짝 들어가게 새겼다. 이러한 수법은 통일신라시대에 자주 보이는 장식 수법이다. 기둥의 위와 아래에는 당간을 고정시키기 위한 구멍이 뚫려 있는데, 위는 네모난 모양이고 아래는 둥근 모양이다.
 당간을 받치던 석재가 없어지고 전체의 형태가 경쾌한 맛은 없지만 견실하고 장중한 느낌을 준다. 이 지주가 만들어진 시기는 당간지주에서 둔중함이 엿보이고, 동화사의 창건시기가 신라 흥덕왕 7년(832)인 것임을 참작하면 신라 후기로 추정된다."
대구 산격동 사자 주악장식 승탑,보물,대구 북구,"
			
	             
	                 
	                 
	                     대구 북구 산격3동 1370번지 경북대학교박물관
	                 
	             
	         
	         
		",128.613058,35.888884,"전체적으로 8각의 평면을 기본으로 삼아 각 부분을 이루고 있으며, 3단으로 이루어진 기단(基壇) 위에 탑신(塔身)을 올리고 지붕돌을 얹은 형태이다.
 네모진 바닥돌 위에 올려진 기단은 아래·가운데·윗받침돌로 나뉘어지는데, 아래받침돌 옆면에는 사자를 새겨 놓았고, 윗면에는 구름을 입체적으로 조각하였다. 낮은 가운데받침돌은 모서리를 죽이고 각 면마다 악기를 연주하는 모습을 새겼다. 윗받침돌은 가운데 띠를 돌리고 아래·윗면에 소박하면서도 큼직한 연꽃을 조각하였다. 
 사리를 모셔놓은 탑신(塔身)은 낮은 편이며, 모서리에는 기둥 모양을 새기고 앞·뒷면에는 자물쇠가 달린 문짝 모양을, 나머지 면에는 사천왕상(四天王像)과 보살상(菩薩像)을 조각하였다.
 넓은 지붕돌은 밑면에 향로와 비천상(飛天像)을 아름답게 새겼으며, 처마부분은 목조건축의 지붕양식을 따라 2중의 서까래를 촘촘히 본뜬 조각이 있다. 윗면에는 연꽃이 둘러져 있으며 그 위의 4면에는 불교의 낙원에 산다는 새인 가릉빈가(迦陵頻伽)를 조각한 노반(露盤:머리장식받침)이 올려져 있다.
 이 승탑은 지붕돌 일부가 깨지고 온전한 상태로 남아 있지는 않지만, 위아래의 비례가 잘 맞아 아름다운 작품이다. 각 부분의 조각이 웅장하고 뛰어나며, 고려시대의 특징이 잘 나타나고 있다. 대구의 일본인 사택에 있던 것을 경북대학교 박물관으로 옮긴 것으로, 원래 승탑이 세워진 터와 이 승탑의 주인공은 알 수 없는 상태이다."
분청사기 상감연화문 편병,보물,대구 북구,"
			
	             
	                 
	                 
	                     대구 북구 대학로 80, 경북대학교박물관 (산격동,경북대학교)
	                 
	             
	         
	         
		",128.613754539291,35.888767075809,"분청사기는 고려말 상감청자가 쇠퇴하면서 백자와는 다른 형태와 무늬, 구도 을 가지고 나타난 매우 독특한 도자기이다. 그 명칭은 백토로 분장한 회청사기, 즉 ‘분청회청사기’라는 말에서 유래되었고 ‘분청’이라고도 한다.
 높이 19.1㎝, 아가리 지름 5.7㎝, 밑지름 10㎝인 이 병은 분청사기 특유의 획일적으로 무늬를 찍는 인화문과 표면에 백토를 씌우는 분장법을 사용한 것을 제외하면, 고려청자와 다를 바 없는 질감을 가지고 있어 조선 초기의 작품으로 보인다.
 무늬를 보면 아가리 밑에 구슬 모양의 띠를 둘렀고, 어깨부분에는 작은 국화 문양을 찍고, 그 둘레에 연꽃무늬를 상감하여 테두리를 만들었다. 배부분의 앞·뒤 편평한 곳에는 구슬모양으로 마름모 형태의 꽃을 만들고, 그 안에 흑백상감을 한 연꽃을 새겨 넣었다. 양쪽 면에는 국화무늬를 찍은 것을 배경으로 덩굴무늬를 흑상감하였다. 밑부분에는 연꽃을 상감하였고 굽 주변에는 구슬모양 띠를 둘렀다.
 분청사기 상감연화문 편병(粉靑沙器 象嵌蓮花文 扁甁)은 몸체 양 측면에 있는 덩굴무늬와 어깨부분의 연꽃 테두리를 바탕색 그대로 두고 있어 이채롭다. 몸체 크기에 비교해서 굽다리가 높아 안정된 자세를 취하고 있으며, 각 부분의 비례도 조화를 이루고 있다."
백지은니 대불정여래밀인수증요의제보살만행수능엄경 권10,보물,대구 북구,"
			
	             
	                 
	                 
	                     대구광역시 북구 대학로 80 (산격동, 경북대학교) 경북대학교박물관
	                 
	             
	         
	         
		",128.612020927004,35.891602359346,"수능엄경의 원래 명칭은 ‘대불정여래밀인수증요의제보살만행수능엄경’이며, 스님들이 수련과정에서 필수적으로 배우는 경전이다. 부처의 말씀을 머리속으로 이해하는데 그치지 않고 자신이 직접 체득하여 힘을 갖는 것을 주요사상으로 하고 있다.
 이 백지은니대불정여래밀인수증요의제보살만행수능엄경 권10(白紙銀泥大佛頂如來密因脩證了義諸菩薩菩薩萬行首楞嚴經 卷十)은 삼베로 만든 종이에 은색 글씨로 불경을 옮겨 적은 것으로, 능엄경 10권 가운데 마지막 권이다. 병풍처럼 펼쳐서 볼 수 있는 형태로 되어 있으며, 접었을 때의 크기는 세로 30.5㎝, 가로 11.2㎝이다. 현재 표지는 없어진 상태이고 은색 글씨의 빛깔이 바래서 약간 검은 빛을 띠고 있다.
 책의 맨 끝부분에는 1365년 이방한이 죽은 어머니의 명복을 빌기 위해 만들었다는 기록이 있다. 또 어려운 한자의 음을 적어 놓은 기록도 보이고 있는데, 이 기록은 능엄경 10권 전체에 해당하는 것으로 보인다.
 글씨는 그다지 높은 수준은 아니지만 만들어진 연대가 뚜렷하고 삼베로 만든 종이를 사용하였다는 점이 그 가치를 높여주고 있다."
칠곡 송림사 오층전탑 사리장엄구,보물,대구 수성구,"
			
	             
	                 
	                 
	                     대구 수성구 청호로 321, 국립대구박물관 (황금동,국립대구박물관)
	                 
	             
	         
	         
		",128.637925230409,35.8458590712431,"송림사는 진흥왕 5년(544) 명관(明觀)이 중국에서 가져온 사리를 모시기 위해 세운 절로, 여기에는 우리 나라에 몇 개밖에 남아 있지 않은 벽돌로 만든 송림사 오층전탑(보물)이 있다. 1959년 이 탑을 수리하기 위해 해체하면서 탑 안에 있던 많은 유물들이 발견되었다. 그 중 칠곡 송림사 오층전탑 사리장엄구(漆谷 松林寺 五層塼塔 舍利莊嚴具)는 2층 탑신(塔身) 구형(龜形) 석함(石函)(현재 송림사에 보관) 속에서 발견되었다. 
 ㅇ 1층 탑신에서는 나무와 돌 그리고 동으로 만든 불상이 각각 2구씩 나왔고,
 ㅇ 2층에서는 신라의 사리 장엄구들이 나왔다. 얇은 금판을 오려 만든 섬세한 장식물들이 붙어있는 금동제 사리외함과 녹색 유리로 만든 목이 긴 사리병, 옥과 진주가 붙어있는 유리잔들이 채색된 거북 모양의 석함 안에 있었다.
 ㅇ 3층에서는 나무 뚜껑이 덮혀있는 돌 상자 안에서 부식된 종이들이 발견되었으며
 ㅇ 5층 위에 있는 머리 장식부인 복발(엎어놓은 대접모양의 장식) 안에서는 상감청자로 만든 원형 합과 금동으로 만든 원륜 2개가 발견되었다. 
 그 중 상감청자 원형합은 국화 꽃무늬와 덩굴무늬로 장식한 것으로, 유약 색깔과 문양으로 보아 고려 12세기후반 상감청자의 전성기 때 작품으로 보이는 뛰어난 작품이다. 이 밖에도 구슬 281개, 은 고리(은환) 15개, 향목 7개와 보리수 열매로 보이는 열매가 1개가 발견되었다.
 통일신라 시대와 고려 시대의 다양한 유물들이 하나의 탑 안에서 발견된 점으로 보아, 보수가 여러 차례 있었음을 알 수 있다. 특히 2층에서 발견된 거북 함 속의 금동 사리기와 유리 사리병은 그 유례를 찾아 볼 수 없는 유물로 사료로서 그 가치가 크다."
석조비로자나불좌상,보물,대구 북구,"
			
	             
	                 
	                 
	                     대구 북구 대학로 80, 경북대학교박물관 (산격동,경북대학교)
	                 
	             
	         
	         
		",128.613754539291,35.888767075809,"석조비로자나불좌상(石造毘盧遮那佛坐像)은 경북대학교 박물관에 있는 석조여래좌상으로 통일신라 후기에 유행하던 비로자나불의 전형적인 양식을 보여주는 작품이다.
 머리에는 작은 소라 모양의 머리칼을 붙여 놓았으며 얼굴은 몸에 비해 크고 둥글다. 당시 비로자나불의 얼굴이 단정하면서도 엄숙한 인상인데 비해서, 이 불상의 얼굴은 풍만하고 눈과 입가에 미소를 짓고 있는 것이 특징이다. 옷은 양 어깨를 두껍게 감싸고 있으며 옷주름은 형식적으로 처리된 모습이다. 어깨가 좁아서 체구가 현저히 왜소해진 모습이며, 양 발을 무릎에 올리고 발바닥이 하늘을 향한 자세로 앉아 있다. 손은 왼손 검지를 오른손으로 감싼 모습으로 비로자나불이 취하는 일반적인 손모양이다. 
 부처의 몸에서 나오는 빛을 형상화한 광배(光背)는 배(舟) 모양으로 불상에 비해 매우 크게 표현되었다. 광배에는 두 손을 모아 합장하고 있는 작은 부처 5구가 새겨져 있고, 가장자리에는 불꽃무늬가 섬세하게 표현되어 있다. 불상이 앉아 있는 8각의 대좌(臺座)에는 화려한 꽃무늬와 동물상 등이 새겨져 있으나 상당히 형식적으로 처리된 모습이다.
 좁은 어깨와 밋밋한 가슴, 작은 체구, 옷모양 등에서 당시 비로자나불의 일반적 특징을 잘 보여주고 있는 작품으로 신라 경문왕 3년(863)에 만들어진 동화사 석조비로자나불(보물)과 비슷한 시기에 만들어진 것으로 보인다."
달성 도동서원 중정당·사당·담장,보물,대구 달성군,"
			
	             
	                 
	                 
	                     대구 달성군 구지면 도동리 35번지
	                 
	             
	         
	         
		",128.371832,35.700773,"서원이란 훌륭한 사람들에게 제사지내고 유학을 공부하던 조선시대 지방의 사립교육기관을 말한다. 도동서원은 문경공 김굉필 선생의 학문과 덕행을 기리기 위해 조선 선조 원년(1568) 처음 세워 쌍계서원이라 불렀다. 그러나 임진왜란 때 불에 타 없어져 선조 37년(1604) 지금 있는 자리에 사당을 다시 지었고 선조 40년(1607)에 임금님이 직접 도동서원이라고 쓴 현판을 하사받아 사액서원이 되었다. 고종 8년(1871)의 서원철폐령의 대상에서 제외된 47개 서원가운데 하나이다.
 행사와 교육의 중심 건물인 강당은 앞면 5칸·옆면 2칸 반 규모이며 지붕은 옆면에서 볼 때 사람 인(人)자 모양을 한 맞배지붕이다. 지붕 처마를 받치기 위해 장식하여 짜은 구조는 간결한 형태로 기둥 위에만 있다. 좌우 끝 칸은 온돌방으로 꾸몄고 그 앞면엔 각각 작은 툇마루를 두었다. 가운데 3칸은 넓은 대청마루로 양쪽 툇마루와 통하도록 해 놓았다.
 제사지내는 공간의 중심 건물인 사당은 앞면 3칸·옆면 3칸 규모로 김굉필 선생의 신주를 모시고 있다. 지붕과 공포를 쌓은 양식은 강당과 마찬가지로 맞배지붕이다. 앞면 3칸에는 각각 2짝씩 널문을 달았다. 강당을 둘러싼 담장은 기와를 이용해 쌓은 맞담으로 구성하여 매우 아름답다.
 간결하고 검소하게 지은 전통 깊은 조선 중기 서원 건축물로 잘 보존해야 할 문화유산이다."
칠곡 정도사지 오층석탑,보물,대구 수성구,"
			
	             
	                 
	                 
	                     대구광역시 수성구 청호로 321 (황금동, 국립대구박물관)
	                 
	             
	         
	         
		",128.638386776689,35.8455902213584,"원래 경상북도 칠곡군 정도사터에 있었던 5층 석탑으로, 1924년에 경복궁으로 이전하였다가 1994년에 국립대구박물관으로 다시 옮겨 세워 놓았다.
 기단(基壇)은 2단으로, 아래층 기단에는 각 면에 안상(眼象)을 3구씩 조각하였는데 무늬의 바닥선이 꽃모양처럼 솟아오르고 있다. 위층 기단에는 각 면 중앙에 기둥 모양을 새겼고 각 기단의 맨윗돌은 약간의 경사를 이루었으며, 윗돌 윗면에 1단의 괴임을 두었는데 특별한 예에 속한다. 탑신(塔身)은 몸돌과 지붕들이 각각 한 돌로 되어 있다. 1층 몸돌의 정면에는 자물쇠가 달린 문짝모양이 새겨져 있고, 2층 이상은 그 크기가 급격히 줄어들었다. 지붕돌은 너비가 좁고 두꺼우며 네 귀퉁이가 위로 들려 있어 고려시대 석탑의 특징을 보이고 있다. 지붕돌 밑면의 받침은 4단으로 줄었고 추녀 밑으로 낙수홈이 새겨져있다. 5층 지붕돌은 없어지고 몸돌 위에 머리장식받침인 노반(露盤)만 남아있다.
 2층 이상의 몸돌은 체감율이 적고 지붕돌이 좁아 두꺼운 느낌을 주지만, 석탑 표면에 손상이 없고 안상의 조각 또한 깨끗하고 아름답게 조각되어 있다.
 위층 기단에 탑 이름이 새겨져 있고, 끝에 ‘태평십일년’의 연호 및 연대가 있다. 또 옮길 당시에 탑내에서 녹유사리병·동합 2개 등의 사리장치가 발견되었다. 특히 함께 발견된 기록문서에는 탑의 인연·시납, 공사의 사실 등을 기재하였고, 글 문투에 이두식이 많이 사용되고 있어 탑 자체의 연구와 아울러 이두 연구에도 좋은 자료이다. ‘태평십일년’은 고려 현종 22년(1031)에 해당된다."
군위 인각사 보각국사탑 및 비,보물,대구,"
			
	             
	                 
	                 
	                     대구광역시 군위군 삼국유사면 화북리 612 , 613-8
	                 
	             
	         
	         
		",128.778977,36.127581,"고려 충렬왕 15년(1289)에 입적한 보각국사 일연의 사리탑과 그의 행적을 기록해 놓은 탑비이다. 일연은 『삼국유사』를 저술하는 등 많은 업적을 이룬 승려인데, 노년에 인각사에서 늙으신 어머니를 지극히 봉양하였다고 한다.  전하는 말에 의하면, 아침에 해가 뜰 때 이 탑에서 광채가 나와 멀지 않은 곳에 있는 일연스님 어머니의 묘를 비추었다고 한다.
 탑은 자연석으로 된 바닥돌 위에 8각의 아래받침돌을 놓았는데 윗면이 급한 경사를 이루고 있다. 가운데받침돌 역시 8각으로, 동물을 조각하였으나 뚜렷하지 않다. 윗받침돌은 8각이지만 원형에 가깝고, 단조롭고 소박한 연꽃이 새겨져 있다. 탑몸도 8각으로 정면에는 ‘보각국사정조지탑’이란 탑이름이 있고, 뒷면에는 문모양의 조각이 있으며 남은 6면에는 사천왕입상(四天王立像)과, 연꽃 위에 서있는 보살상(菩薩像)을 새겼다. 지붕의 두꺼운 추녀 밑은 위로 느리게 들려 있고, 낙수면은 급한 편이며 지붕선 끝부분에 꽃장식이 달려 있다. 지붕 꼭대기에는 머리장식이 큼직하게 올려져 있다.
 탑비는 국사의 제자인 법진에 의하여 세워졌다. 비문은 당시의 문장가인 민지가 왕명을 받들어 지었으며, 글씨는 진나라까지 가서 왕희지의 글씨를 집자(集字)하여 만들었다. 지금은 비의 형체가 많이 훼손되었으나 다행히 비문은 오대산 월정사에 사본이 남아있다.
 비문에 의하면 비를 세운 시기가 충렬왕 21년(1295)이므로, 부도탑의 건립 역시 일연이 입적한 해인 1289년에서 1295년 사이의 일로 짐작된다."
대구 무술명 오작비,보물,대구 북구,"
			
	             
	                 
	                 
	                     대구 북구 산격3동 1370번지 경북대학교박물관
	                 
	             
	         
	         
		",128.613754539291,35.888767075809,"1946년 대구시 대안동에서 처음 발견되었다가 7, 8년 동안이나 행방을 알 수 가 없었는데, 그 후 다시 경북대학교 근처에서 발견되었다. 
 비(碑)는 길쭉한 모양의 자연석으로, 아래는 직선으로 잘려 있고 윗부분은 원형으로 처리되어 있다. 아래부분의 모습으로 보아 본래 받침돌 위에 세웠거나 암반 위를 파고 세웠던 것으로 여겨진다. 
 비의 내용은 건립날짜와 저수지 축조내용 및 관계된 사람들에 대한 것이다. 글자가 상당수 깎여나가 해석을 하는 데에 많은 어려움이 있으나, 신라시대 수리시설이나 사회사연구에 중요한 자료이다."
달성 용연사 금강계단,보물,대구 달성군,"
			
	             
	                 
	                 
	                     대구 달성군 옥포면 반송리 915번지 용연사
	                 
	             
	         
	         
		",128.518800302081,35.7493880822271,"계단(戒壇)은 계(승려가 지켜야 할 계율)를 수여하는 식장으로, 이 곳에서 승려의 득도식을 비롯한 여러 의식이 행하여 진다. 용연사 내의 한적한 곳에 자리잡은 이 계단은 석가모니의 사리를 모셔두고 있다. 임진왜란(1592) 때 난을 피해 묘향산으로 옮겼던 통도사의 부처사리를 사명대사의 제자 청진이 다시 통도사로 옮길 때 용연사의 승려들이 그 일부를 모셔와 이곳에 봉안하였다 한다.
 돌난간이 둘러진 구역 안에 마련된 계단은 널찍한 2단의 기단(基壇)위로 종모양의 탑신(塔身)을 올린 모습이다. 아래층 기단은 네 모서리마다 4천왕상(四天王像)을 1구씩 세워두고, 위층 기단은 4면에 8부신상(八部神像)을 돋을새김하였는데, 뛰어난 조각솜씨는 아니지만 섬세하고 균형감이 있어 단조로운 구조에 아름다움을 더해주고 있다. 조선시대에 유행한 양식을 보이고 있는 탑신은 별다른 꾸밈을 하지 않은 채 꼭대기에 큼직한 보주(寶珠:연꽃봉오리모양의 장식)를 조각해 두었다.
 절 안에 세워져 있는 석가여래비에는, 석가의 사리를 모시고 이 계단을 쌓았다는 내용이 기록되어 있는데, 이 기록을 통해 조선 광해군 5년(1613)에 계단이 완성되었음을 알 수 있다. 전체적으로 구조가 섬세하고 조각기법이 예리하며, 특히 17세기 초에 만들어진 작품으로서 당시의 석조건축과 조각을 연구하는데 소중한 자료가 되고 있다."
달성 태고정,보물,대구 달성군,"
			
	             
	                 
	                 
	                     대구 달성군 하빈면 묘리 638번지
	                 
	             
	         
	         
		",128.416704,35.911303,"이 건물은 조선 성종 10년(1479) 박팽년의 손자인 박일산이 세운 별당건축이다. 지금 있는 건물은 선조 25년(1592) 임진왜란 때 불타서 일부만 남았던 것을 광해군 6년(1614)에 다시 지은 것이다. 일명 ‘일시루(一是樓)’라고도 한다. 현재 대청에는 임진왜란 후 치찰사로 온 윤두수의 한시를 새긴 현판과, 정유재란 후 명군 선무관이 남긴 액자 들이 있다.
 네모난 모양의 단 위에 서 있으며 앞면 4칸 ·옆면 2칸 크기로, 동쪽 2칸은 대청마루이고, 서쪽 2칸은 방으로 꾸몄다. 대청 앞면은 개방되어 있는데 옆면과 뒷면에는 문을 달았을 것으로 추정한다. 대청 앞 기둥 사이에는 2층으로 된 난간을 설치하였다. 서쪽에는 온돌방과 부엌을 마련해 놓았는데 단순한 아궁이가 아닌 부엌을 한쪽 구석에 둔 것은 흔치않은 것이다.
 규모는 그리 크지 않은 건물이지만 가구나 세부가공이 정교한 편이다."
대구 도학동 승탑,보물,대구 동구,"
			
	             
	                 
	                 
	                     대구광역시 동구 팔공산로201길 41-0 (도학동, 동화사)
	                 
	             
	         
	         
		",128.704896,35.992232,"승탑은 승려의 무덤을 상징하여 그 유골이나 사리를 모셔두는 곳이다. 동화사 안에 세워져 있는 이 승탑은 원래 동학동의 학부락에 쓰러져 있던 것을 이 곳으로 옮긴 것으로, 바닥돌 위에 올려진 기단(基壇)과 탑신(塔身)이 모두 8각을 이루고 있다.
 세 부분으로 이루어진 기단은 아래받침돌과 가운데받침돌이 하나의 돌로 이루어져 있다. 윗받침돌은 별개의 돌로 되어 있으며, 큼직한 연꽃무늬를 소박한 솜씨로 둘러 놓았다. 탑신의 몸돌은 모서리마다 기둥모양의 조각을 두었고, 널찍하게 마련된 지붕돌은 윗면의 느린 곡선이 처마끝까지 펼쳐지고 있다. 꼭대기에는 아름다운 장식을 한 2단의 머리장식이 올려져 있다.
 각 부분의 양식과 조각수법으로 보아 고려 전기의 작품으로 추측된다."
달성 현풍 석빙고,보물,대구 달성군,"
			
	             
	                 
	                 
	                     대구 달성군 현풍면 현풍동로 86 (상리)
	                 
	             
	         
	         
		",128.45189,35.697744,"얼음을 저장하기 위해 돌을 쌓아 만든 창고이다.
 남북으로 길게 축조되어 있으며, 출입구가 개울을 등진 능선쪽에 마련된 남향구조이다. 돌의 재질은 모두 화강암으로 외부에서 보면 고분처럼 보인다. 입구는 길쭉한 돌을 다듬어 사각의 문틀을 만든 후 외부공기를 막기 위해 돌로 뒷벽을 채웠다. 외부는 돌을 쌓고 점토로 다져서 흙을 쌓아 올렸다. 잘 다듬어진 돌로 벽과 천장을 쌓았는데 천장에는 무지개 모양의 홍예(虹霓)를 4개 틀어올리고 그 사이사이에 길고 큰 돌을 얹어 아치형을 이루게 하였다. 천장에는 통풍을 위한 환기구가 두 군데 설치되었고 빗물에 대비한 뚜껑이 있다. 바닥은 평평한 돌을 깔고 중앙에 배수구를 두었다.
 당시에는 얼음창고가 마을마다 설치된 것이 아니었음에도 불구하고, 규모가 작은 현풍고을에 이러한 석빙고가 만들어진 것은 주목할 만한 일이다. 1982년 석빙고 주위의 보수작업 때 축조년대를 알려주는 건성비(建城碑)가 발견됨으로써 조선 영조 6년(1730)에 만들어진 것임을 알게 되었다."
군위 지보사 삼층석탑,보물,대구,"
			
	             
	                 
	                 
	                     대구광역시 군위군 군위읍 상곡리 280
	                 
	             
	         
	         
		",128.601954562692,36.2576913064738,"지보사 경내에 자리하고 있는 석탑으로, 2단의 기단(基壇) 위에 3층의 탑신(塔身)을 올린 아담한 모습이다.
 기단은 통일신라 후기의 전형적인 구성 수법을 보여주고 있다. 기단의 각 면 모서리와 가운데에 기둥 모양의 조각을 두고, 기둥 사이에는 무늬를 새겼는데, 아래층에는 사자 모양의 동물상을, 위층에는 팔부중상(八部衆像)을 새겨 넣었다. 기단을 이루고 있는 돌들이 모두 높아서 다소 우뚝해 보인다. 기단 윗면에는 연꽃무늬를 새긴 별도의 판돌을 삽입하여 윗돌을 괴도록 하였다. 탑신은 1층 몸돌에 문짝 모양을 새겨두어 부처님을 모시는 방(감실)을 표현하였다. 지붕돌은 별도의 돌을 얹어 구성한 것으로, 밑면에 새겨둔 4단의 받침이 두꺼워 보인다. 꼭대기에는 머리장식으로 노반(露盤)과 복발(覆鉢)만이 남아있다.
 전체적으로 많이 깎여나가고 훼손되어 보는 이로 하여금 아쉬움을 느끼게 하지만, 조각 수법이 화려하고 외양이 단정한 고려 전기의 우수한 작품이다."
대구 북지장사 지장전,보물,대구 동구,"
			
	             
	                 
	                 
	                     대구 동구 도장길 243 (도학동)
	                 
	             
	         
	         
		",128.714794,35.976337,"북지장사는 신라 소지왕 7년(485) 극달화상이 세웠다고 전하는 절이다.
 이 건물은 사역(寺域) 동쪽에 있는 대웅전(大雄殿)이 과거 어느 시기에 불에 타버려 근래까지 대웅전으로 사용하고 있었으나 2011년까지 해체보수 결과 조선 영조 37년(1761년) 지장전(地藏殿)으로 상량하였다는 기록이 발견되어 지장전으로 명칭을 변경하였다. 
 앞면 1칸·옆면 2칸 규모이지만 앞면 1칸 사이에 사각형의 사이기둥을 세워 3칸 형식을 띠고 있는 것이 독특하다. 지붕은 옆면에서 볼 때 여덟 팔(八)자 모양을 한 팔작지붕이며 공포가 기둥 위뿐만 아니라 기둥 사이에도 있는 다포 양식으로 세부 처리는 조선 중기 수법을 따르고 있으며, 공포 위에 설치한 용머리 조각 등은 조선 후기 수법을 따르고 있다. 건물에 비해 지붕이 크게 구성되어 있으며, 지붕 각 모서리 끝(추녀)에 얇은 기둥(활주)을 받쳤다. 지붕의 가구형식은 특이하게 정자에서 쓰는 건축 기법을 사용하였다.
 불전 건축기법으로는 보기 드문 형태를 갖추고 있어 조선시대 건축사 연구에 중요한 건물이다."
김일손 거문고,보물,대구 수성구,"
			
	             
	                 
	                 
	                     대구 수성구 청호로 321, 국립대구박물관 (황금동,국립대구박물관)
	                 
	             
	         
	         
		",128.637925230409,35.8458590712431,"조선 초기의 학자인 탁영 김일손이 사용하던 거문고로 크기는 길이 160㎝, 너비 19㎝, 높이 10㎝이다.
 거문고 중앙부분에 탁영금(濯纓琴)이란 글자가 새겨져 있고, 학 그림이 거문고 머리부분에 그려져 있다. 거문고의 머리 부분인 용두(龍頭)와, 줄을 얹어 고정시키는 운족(雲足)은 원형 그대로 보존되어 있는 반면, 끝 부분인 봉미(鳳尾), 운족과 같이 줄을 고정시키는 괘 등 일부부품은 새로 보수한 흔적이 보인다.
 옛 선비들의 애완품으로 사용된 악기로서는 유일하게 국가지정문화유산으로 지정된 것이다."
군위 대율리 석조여래입상,보물,대구,"
			
	             
	                 
	                 
	                     대구광역시 군위군 부계면 대율리 691
	                 
	             
	         
	         
		",128.653992643843,36.0609912311809,"대율사 용화전 안에 모셔진 불상으로 둥근 대좌(臺座)위에 올라서 있으며 높이가 2.65m이다.
민머리 위에 있는 낮고 넓은 머리(육계), 둥근 얼굴, 아담한 눈과 입, 어깨까지 내려진 긴 귀 등에서 세련된 모습을 보여준다. 오른손은 손바닥을 밖으로 하여 손끝이 위로 향하도록 펴고 있으며, 왼손은 손바닥을 몸쪽으로 하여 가슴에 대고 있는 독특한 모양이다. 양 어깨에 걸쳐진 옷은 가슴과 배를 지나 무릎까지 얕은 U자형 주름을 이루고 있다. 팔목에 새겨진 옷주름은 곧게 서 있는 긴 하체와 함께 당당하지만 경직된 인상을 풍긴다. 
다소 딱딱한 면을 보여주고는 있지만 얼굴 등을 통해 세련되고 당당한 신라 불상의 특징을 잘 나타내고 있다."
대구 파계사 건칠관음보살좌상 및 복장유물,보물,대구 동구,"
			
	             
	                 
	                 
	                     대구 동구 파계로 741, 파계사 (중대동)
	                 
	             
	         
	         
		",128.6404767,36.0014938,"신라 애장왕 5년(804)에 심지왕사가 세운 파계사에 유리상자를 씌워 단독으로 모시고 있다. 불상 안에서 발견된 기록에 의하면 세종 29년(1447)에 다시 만들었다고 적혀 있어 연대가 올라갈 가능성이 있다. 
 전체 높이는 108.1㎝이며 머리에는 꽃모양을 정교하게 붙인 3중의 높은 관이 묵중하게 씌여져 있다. 오른손은 어깨쪽으로 들어 엄지와 중지를 맞대고 손바닥을 밖으로 하고 있으며, 왼손은 약간 들어 엄지와 중지를 맞댈 듯이 하여 손바닥을 위로 하고 있다. 옷깃이 양쪽 팔에 걸쳐 무릎으로 흘러 오른발 끝을 덮은 점이라든가, 가슴과 양팔, 무릎 등 전신을 감싼 화려한 장식, 무릎 밑에 보이는 물결무늬 등에서 앞시대의 영향이 나타난다. 
 근엄한 표정, 두터운 옷, 손모양, 가슴위로 올라온 치마를 주름잡아 끈으로 고정시킨 것 등은 장육사 건칠보살좌상(보물)과 비슷하며, 고려 후기 불상의 전통적인 특징을 지닌 작품이라고 할 수 있다."
봉화 북지리 석조반가상,보물,대구 북구,"
			
	             
	                 
	                 
	                     대구 북구 대학로 80, 경북대학교박물관 (산격동,경북대학교)
	                 
	             
	         
	         
		",128.613754539291,35.888767075809,"북지리의 마애불좌상 옆에 있던 것을 1966년 경북대학교로 옮겨다 놓은 것이다. 높이 1.6m 가량에 상반신은 깨져 없어지고, 하반신과 다른 돌로 만든 둥근 연꽃무늬 발받침대만이 남아 있지만, 우수한 조각기법으로 만들어진 작품이다.
 상반신은 옷을 벗은 듯 하고 하체에 표현된 옷은 매우 얇다. 왼쪽 무릎 위에 올려 놓은 오른쪽 다리는 매우 크고 무릎을 높이 솟게 하여 강조하고 있다. 올려 놓은 다리 밑에는 3단으로 옷주름이 부드럽게 흐르는데 그 선이 분명하다. 이들 옆에는 커다란 사각형의 고리와 화려한 구슬 장식이 있다. 불상의 뒷면은 옷주름만 단순하게 표현하고 있어 앞면을 위주로 조각했음을 알 수 있다. 발받침대는 약 70cm의 원반형으로 아래로 향한 연꽃이 7잎 새겨져 있다.
 이 반가상은 양식면에서 왼손의 위치, 오른쪽 무릎의 팽창, 사실적인 옷주름, 화려한 구슬 장식 등에서 뛰어난 조각기법을 나타낸다. 따라서 전체적으로 당당하며 볼륨이 강조된 독특하고도 사실적인 표현수법을 보여주는 7세기 중엽의 작품으로 여겨진다."
파계사 영산회상도,보물,대구 동구,"
			
	             
	                 
	                 
	                     대구 동구 파계로 741, 파계사 (중대동)
	                 
	             
	         
	         
		",128.6404767,36.0014938,"석가가 영축산에서 제자들에게 설법하는 장면을 묘사한 영산회상도이다. 크기는 길이 340㎝, 폭 254㎝이며 비단 위에 채색되었다.
 중심에 본존불인 석가여래를 두고 좌우대칭으로 여러 보살과 무리들이 석가를 에워싸고 있다. 주로 녹색과 붉은색을 사용해 밝고 화려하며 옷에 칠해진 금빛이 매우 찬란하다. 이 그림은 다른 영산회상도와 구별되는 몇 가지 특징이 있다. 첫째, 조선시대 불화에서 석가여래의 광배는 몸뒤의 신광과 머리의 두광을 함께 표현하는데 비해 이 그림은 신광만을 표현했다. 둘째, 부처님의 옷에 밭 전(田)자 무늬가 그려져 있지 않았고 셋째는 부처의 오른쪽 발목에 꽃잎장식이 보이지 않는 점이 그러하다. 능숙한 붓놀림과 화려한 채색 등이 매우 돋보이는 18세기 초를 대표하는 불화이다. 
 이 영산회상도는 조선 숙종 33년(1707)에 왕실에서 뜻을 모아 제작한 것으로 자료적인 가치도 매우 높은 작품이다."
밀성박씨 삼우정파 종중 고문서,보물,대구 수성구,"
			
	             
	                 
	                 
	                     대구 수성구 청호로 321, 국립대구박물관 (황금동,국립대구박물관)
	                 
	             
	         
	         
		",128.637925230409,35.8458590712431,"이 문서들은 밀양박씨 삼우정파 문중에서 소장한 조선 선조 때의 무신 박경신(1539∼1594)과 그의 두 아들 지남, 철남에게 내려진 각종 관련 문서들이다. 
 박경신은 선조 2년(1569) 31세 때에 무과 초시에 합격, 35세 때 전시에서 장원급제하였다. 이후 양근병마동첨절제사 등에 제수되어 임진왜란 때 선조를 호위하여 피난하고 고향 청도에서 두 아들과 함께 의병을 일으켜 청도를 수비하였다. 임진왜란 후 선무원종공신 1등과 호성원종공신 2등에 봉해졌다. 
 장남 박지남(1565∼1626)은 부친의 의병에 가담하여, 청도와 밀양 등에 전투에 참가하였고, 임진왜란 후 선무원종공신 2등에 봉해졌다. 박철남(1565∼1611)은 박지남의 쌍둥이 동생으로 3부자가 의병에 함께 참여 많은 전공을 세웠으며, 임진왜란 후 선무원종공신 2등에 봉해졌다. 이 삼부자가 임호서원에 배향되었다. 
 이 문서들은 박경신에게 내려진 「선무원종공신녹권」1책과 박경신부부에게 순조 때 내려진 교지 2매, 박경신의 아들 지남, 철남에게 내려진 「선무원종공신녹훈인증서」13매 등이다.

<상세목록>
1. 절지수교서내범참왜일급이상자개록위공신역유지~박경신 조선 선조 25년(1592), 1건
2. 절기수교서내범참왜일급이상자개록위공신역유지~박경신 조선 선조 25년(1592), 1건
3. 절지수교서내범참왜일급이상자개록위공신역유지~박경신 조선 선조 26년(1593), 1건
4. 절지수교서내범참왜일급이상자개록위공신역유지~박경신 조선 선조 26년(1593), 1건
5. 절지수교서내범참왜일급이상자개록위공신역유지~박경신 조선 선조 26년(1593), 1건
6. 절지수교서내범참왜일급이상자개록위공신역유지~박경신 조선 선조 26년(1593), 1건
7. 절지수교서내범참왜일급이상자개록위공신역유지~박경신 조선 선조 26년(1593), 1건
8. 절지수교서내범참왜일급이상자개록위공신역유지~박경신 조선 선조 26년(1593), 1건
9. 절지수교서내범참왜일급이상자개록위공신역유지~박지남 조선 선조 26년(1593), 1건
10. 절지수교서내범참왜일급이상자개록위공신역유지~박지남 조선 선조 26년(1593), 1건
11. 절지수교서내범참왜일급이상자개록위공신역유지~박철남 조선 선조 26년(1593), 1건
12. 절지수교서내범참왜일급이상개자록위공신역유지~박철남 조선 선조 26년(1593), 1건
13. 절지수교서내범참왜일급이상자개록위공신역유지~박철남 조선 선조 26년(1593), 1건
14. 선무원종공신녹권 조선 선조 38년(1605), 1책
15. 절충장군첨지중추부사박경신증가선대부병조참판겸동지의금부사훈동원도정자 가경이십일년팔월일 조선 순조 16년(1816), 1건
16. 숙부인예씨증정부인자 가경이십일년팔월일 조선 순조 16년(1816), 1건
17. 만력칠년기묘칠월십일일 차자급제박경신별급문기 조선 선조 12년(1579), 1건"
대장일람집,보물,대구 달서구,"
			
	             
	                 
	                 
	                     대구 달서구 달구벌대로 1095, 동산도서관 (신당동,계명대학교성서캠퍼스)
	                 
	             
	         
	         
		",128.4893367,35.8552388,"송나라 진실(陳實)이 불교 경전인 『대장경』에서 중요한 내용을 뽑아서 엮은 것인데, 고려 초 13세기 중엽에 간행한 것이다.
 이 책은 제1권 상·중·하 1책으로 구성된 영본(零本)인데, 내용을 보면 선왕품으로부터 번뇌품에 이르기까지 총 17품에 대하여 설명하고 있다. 판심 하단부에는 존식·정안 등의 각수 이름이 새겨져 있다.
 판식에 있어서 송본의 형태를 유지하고 있으며, 12세기의 『능엄경』이나 『선문염송』 등과 같이 좁은 판심에 흑어미가 가늘게 이중으로 처리되어 있다. 서체도 송본과 13세기 중반에 유행한 고려본과 같은 형식이다.
 대장일람집은 고려 초 13세기 중엽에 간행한 것으로, 현재 국내에 전하는 현존본 가운데 최고본으로 추정되는 귀중한 자료이다."
"용비어천가 권8, 9, 10",보물,대구 달서구,"
			
	         
	             대구광역시  달서구
	         
		",128.4893367,35.8552388,"『용비어천가(龍飛御天歌)』는 훈민정음(訓民正音)이 창제된 후 정음(正音)으로 기록된 최초의 문헌임과 동시에 『월인천강지곡(月印千江之曲)』과 함께 조선시대 악장(樂章) 문학의 대표적 작품으로 평가되고 있는 책으로써, 세종조의 국어학과 서지학 연구에 중요한 자료이다. 
  계명대학교 소장 『용비어천가』는 전10권 중 권8~권10의 3권으로 자체(字體)는 조선초기에 유행한 조맹부(趙孟&#38955;)의 송설체(松雪體)로 판각한 것이며, 판심(版心)에는 조선초기의 형식인 흑구(黑口)에 내향흑어미(內向黑魚尾)가 있어 초간본으로 추정된다. 그러나 이 책은 장차(章次)에 있어 몇 군데 오각이 있고 수정한 흔적이 있는 것으로 보아 초판본 책판의 수정을 거쳐 인출한 것으로 보인다."
사마방목,보물,대구 달서구,"
			
	             
	                 
	                 
	                     대구 달서구 달구벌대로 1095, 동산도서관 (신당동,계명대학교성서캠퍼스)
	                 
	             
	         
	         
		",128.4893367,35.8552388,"『홍치십사년신유사마방목』은 연산군 7년(1501)에 시행한 생원·진사의 합격자 명부이다. 진사시 일소(一所)의 주시관(主試官)은 우참찬 유순(柳洵)과 호조참판 김심(金諶), 이조정랑 남곤(南袞) 등 6명이고, 이소(二所)의 주시관은 대사헌 성현(成俔) 등 6명이다. 생원시의 장원은 이수정(李守貞)이고, 진사시의 장원은 김안국(金安國)이었다. 이 책에 수록된 인물중 시관이었던 남곤(南袞)과 진사방의 1등 5인중 한 명인 김안로(金安老)의 성명에는 사마시 합격자 발표 이후에 죄인이 된 관계로 모두 먹으로 칠해져 있다. 
  이 책은 당시 진사시험에 합격한 문의공(文毅公) 김식(金湜, 1482-1520) 후손가에 전해져 온 것으로, 예조에서 직접 간행해서 반포한 초주갑인자본이다. 조선전기 과거제도 및 인물관계를 연구하는데 귀중한 자료이다."
진일유고,보물,대구 달서구,"
			
	             
	                 
	                 
	                     대구 달서구 달구벌대로 1095, 동산도서관 (신당동,계명대학교성서캠퍼스)
	                 
	             
	         
	         
		",128.4893367,35.8552388,"『진일유고』는 조선 초 좌정언(左正言)을 역임한 진일재(眞逸齋) 성간(成侃 : 1427-1456)의 시문집으로, 이 책은 그가 죽은 뒤에 형인 이조판서 성임(成任)이 글을 모으고 대제학을 역임한 그의 동생 성현(成俔)이 편집하여 세조 13년(1467)에 목판으로 간행한 초간본이다.  
  문집의 내용은 권두에 서거정(徐居正)이 쓴 서문과 동생 성현(成俔)이 지은 저자의 행장이 수록되어 있고, 권1-3은 시(詩)가 수록되어 있으며 권4에는 부(賦) · 서(序) · 기(記) · 설(說) · 서후(書後) · 전(傳) · 전(箋) 등 산문 13편이 수록되어 있다. 권말에는 그의 친구인 이승소(李承召)가 1458년에 쓴 발문이 있다. 
  특히 이 문집에는 그와 교유한 강희맹(姜希孟) · 김수온(金守溫) · 김수녕(金壽寧) · 노사신(盧思愼) · 서거정(徐居正) · 이승소(李承召) · 임원준(任元濬) · 이파(李坡) 등과 같은 당대의 명사들과 주고받은 글이 다수 수록되어 있어 조선 초기 문인들의 문학과 사상의 연구에 중요한 자료가 된다. 조선초기에 간행된 몇 종 안 되는 문집으로 조선초기 문학과 서지학 연구에 귀중한 자료이다."
대구 동화사 사명당 유정 진영,보물,대구 동구,"
			
	             
	                 
	                 
	                     대구광역시 동구 동화사1길 1 (도학동, 동화사)
	                 
	             
	         
	         
		",128.7036904,35.9933036,"등받이가 높다란 의자에 우향하여 앉아 있는 좌안칠분면(左顔七分面)의 의좌상(椅坐像)으로 신발을 벗은 채 의자에 발을 올려 결가부좌하고 앉아 손에는 불자(拂子)를 들고 있다. 가는 선으로 윤곽을 짓고 이목구비를 표현하여 백묘법(白描法)을 보여주는 얼굴은 적당히 크고 길죽한 타원형으로 온화한 모습이나, 머리를 뒤로 약간 젖혀 내려보는 듯한 날카로운 눈매를 하여 의승병 대장으로서의 기상이 넘쳐난다. 건장한 어깨와 가슴 아래까지 길게 내려온 턱수염은 승병대장 다운 기백을 강조해주는데, 다른 사명당 영정들에 비해 길어진 수염이 특징적이다. 
   기품 있으면서도 은은한 회백색의 색채와 간결하고 유려한 필선이 사용된 장삼, 섬세하고 화려한 무늬를 나타낸 선홍색 가사의 조화는 바르고 단정한 사명당의 승려로서의 품위는 물론 승병대장으로서의 권위를 잘 나타내주고 있다 하겠다. 좌측 하단의 묵서명에 “가경원년병진(嘉慶元年丙辰)이란 연호가 있어 1610년 입적한 이후 늦어도 1796년에는 조성되었을 것으로 추정된다. 국내에 전해오는 10여점의 사명당 진영 가운데 가장 빼어난 자료이다. 
  ㅇ 규격(세로x가로) : 122.9 x 78.8cm"
대구 동화사 대웅전,보물,대구 동구,"
			
	             
	                 
	                 
	                     대구 동구 팔공산로201길 41 (도학동)
	                 
	             
	         
	         
		",128.704236,35.993199,"동화사는 신라시대에 지어진 후 8차례에 걸쳐서 새로 지었으며, 대웅전 또한 여러 차례 다시 지은 것이다. 지금 있는 대웅전은 조선 후기인 영조 3년(1727)에서 영조 8년(1732)에 지은 것으로 추정한다.
대웅전은 이 절의 중심 건물로 앞면 3칸·옆면 3칸 규모이며 지붕은 옆면에서 볼 때 여덟 팔(八)자 모양을 한 팔작지붕이다. 지붕 처마를 받치기 위해 장식하여 만든 공포는 기둥 위와 기둥 사이에도 있는 다포 양식이다. 문짝은 여러 가지 색으로 새긴 꽃잎을 장식해 놓은 소슬꽃살창을 달았다. 또한 기둥은 다듬지 않은 나무를 그대로 사용해서 건물의 안정감과 자연미를 나타내고 있다."
대구 동화사 목조약사여래좌상 복장전적,보물,대구 동구,"
			
	             
	                 
	                 
	                     대구광역시 동구 동화사1길 1 (도학동)
	                 
	             
	         
	         
		",128.7036904,35.9933036,"대구 동화사 대웅전에 봉안되어 있는 목조석가여래삼불좌상 중 약사여래의 복장 전적 7종이다. 대웅전은 1725년에 중창하여 1727년(영조 3)에 삼세불좌상을 조성하여 봉안하였고 조성과 동시에 복장불사가 이루어져 그 발원문이 각각 삼세불에서 수습되었다.
석가모니불에는 12종의 자료, 아미타불에는 6종이 복장되었으며, 약사불에 32종으로 가장 많이 복장되었다. 그 중 간기가 있는 것은 1417년(태종 17)부터 1725년(영조 1)사이의 것이고, 간행기록이 없는 것은 고려 중기부터 조선 후기에 해당하며 약사불이 조성된 이전의 것들이 대부분이다. 
약사여래 복장 전적 중 묘법연화경(妙法蓮華經) 권제4～7은 1417년 (태종 17)에 함양군부인(咸陽郡夫人) 박씨 등이 먼저 돌아간 부모의 천도를 위하여 인출한 4부 중의 1부이다. 권4 앞에 실린 변상도의 좌단에는 정씨가 죽은 남편 왕씨의 초생정토(超生淨土)를 기원하기 위하여 화공을 사서 변상도를 그리고 이를 판각 유통시킨다는 지기(識記)가 있어서 이 변상도의 조성경위를 알려준다. 조선 초기 민간의 불교신앙에 대한 연구와 서지학 연구에 자료가 된다. 지장보살본원경(地藏菩薩本願經)은 발문과 묵서지기에 의하면 1474년(성종 5)에 견성사(堅城寺)에서 간행한 경판에서 예종의 계비인 안순왕후(安順王后) 한씨(韓氏)가 조모인 신숙화의 처 김씨의 영가천도를 위하여[仁惠王大妃韓氏敬爲養祖母辛叔和妻金氏靈駕..] 1481년(성종 12)에 인출한 7부 중의 1건이다. 조선 초기 불교사연구는 물론 인출 시기와 동기, 부수가 분명한 자료라는 면에서 출판사연구에 중요한 자료이다. 대방광불화엄경(大方廣佛華嚴經) 정원본 권제1･대방광불화엄경(大方廣佛華嚴經) 주본 권제25･권제63은 24행17자로 6행씩 절첩된 折帖裝(절첩장장)으로 해인사 사간판(寺刊板)이다. 이 화엄경판은 고려대장경을 새길 때 저본(底本)으로 사용되었던 판이다. 비교적 빠른 시기에 속하는 12～13세기에 새긴 것으로 추정된다. 상지은니무상의경 권하(橡紙銀泥無上依經卷下)와 상지은니대보적경 권제94(橡紙銀泥大寶積經卷第94)는 상지에 필서한 14세기의 은사경(銀寫經)으로서 고려말 사경연구의 자료가 된다."
대구 동화사 아미타회상도,보물,대구 동구,"
			
	             
	                 
	                 
	                     대구광역시 동구 동화사1길 1 (도학동)
	                 
	             
	         
	         
		",128.7036904,35.9933036,"이 불화는 1699년 대화원(大畵員) 의균(義均)을 비롯한 묘해(妙解) ·지영(智英) ·상명(尙明) 등이 참여해서 그린 아미타불화로서 불보살과 호법신중을 3폭에 나누어 그린 형식을 취하고 있다. 
세 폭 모두 박락이 심하고 채색이 떨어져 나가긴 하였지만 가는 철선묘(鐵線描)의 양감 있는 얼굴, 균형 잡힌 신체비례, 섬세한 인물표정, 담채색의 은은한 색조 등에서 의균의 뛰어난 필력과 색채 감각을 잘 드러내고 있다. 또한 이 불화는 화폭의 구성에서 본존을 중심으로 보살, 나한, 신중을 모두 한 폭에 그리는 일반적인 불화형식과 달리 아미타불과 팔대보살을 한 폭에, 나한과 범천·제석천, 사천왕 등 호법신을 각각 좌우 2폭으로 나누어 그림으로서 부처님의 설법장면과 수호신중을 구분짓는 형식을 취하고 있다.
이 작품은 17세기말에서 18세기 초반에 걸쳐 팔공산 지역을 중심으로 활발한 활동을 한 대표적인 화사인 의균의 현존 작품 가운데 가장 오래된 불화라는 점에서 그의 초기의 작품세계를 이해하는 데 매우 주목되는 작품이다."
이헌국 호성공신교서,보물,대구 수성구,"
			
	             
	                 
	                 
	                     대구 수성구 청호로 321, 국립대구박물관 (황금동,국립대구박물관)
	                 
	             
	         
	         
		",128.637925230409,35.8458590712431,"이 호성공신교서(扈聖功臣敎書)는 임진란에 이헌국이 선조와 세자를 모시고 함께 따라간 공로로 난후인 1604년에 이헌국에게 내린 것이다. 호성공신은 서울에서 의주(義州)까지 함께 따른 신하들을 공로에 따라 3등으로 나누어 모두 86명을 녹훈하였는데, 1등은 이항복(李恒福) 등 2명, 2등은 이원익(李元翼) 등 31명, 3등은 정탁(鄭琢) 등 53명이다. 이헌국은 3등 공신의 두 번째에 책록(冊錄)되었다.
  <이헌국 호성공신교서>는 그의 전기 자료로서의 가치가 클 뿐만 아니라 임진전란사(壬辰戰亂史) 연구 및 고문서 연구에 중요한 자료로서 가치가 있다."
신한첩-신한첩 곤,보물,대구 달서구,"
			
	             
	                 
	                 
	                     대구 달서구 달구벌대로 1095, 동산도서관 (신당동,계명대학교성서캠퍼스)
	                 
	             
	         
	         
		",128.5327576,35.8298561,"※해제사유: 서첩의 전래상황과 수록 자료의 내용 등을 종합적으로 고려, 각 서첩의 성격과 내용에 맞게 별도 명칭, 번호(보물 제1946호)로 변경

『신한첩 곤(宸翰帖 坤)』은 효종(孝宗, 1619~1659), 현종(顯宗, 1641~1674), 숙종(肅宗, 1661~1720), 효종비 인선왕후(仁宣王后, 1618~1674), 현종비 명성왕후(明聖王后, 1642~1683), 숙종비 인현왕후(仁顯王后, 1667~1701)가 효종의 넷째딸 숙휘공주(淑徽公主)에게 보낸 한글어찰을 모은 것이다. 숙휘공주는 연일정씨 인평위(寅平尉) 정제현(鄭齊賢)과 혼인하였다. 수록된 어찰은 효종 2통, 현종 3통, 숙종 6통, 인선왕후 18통, 명성왕후 2통, 인현왕후 5통 등 모두 36통이다. 처음의 장황 그대로 남아 있는데, 표지에 “신한첩 곤(宸翰帖 坤)”이란 제서(題書)가 쓰여 있듯이 원래 건·곤(乾·坤) 2첩이었다.
이 첩은 앞쪽에 실린 정제현의 후손 정진석(鄭晉錫, 1779~?)의 1802년 한글 지문(識文)을 통해 제작내력을 알 수 있다. 그중 “건(乾)인 즉 사조(四祖) 어필(御筆)이시오 곤(坤)인 즉 육성(六聖) 언찰(諺札)이시라” 했는데, ‘사조 어필’은 국립청주박물관의 효종·현종·장렬왕후·인선왕후 어찰을 가리키며, ‘육성 언찰’은 계명대학교 동산도서관의 효종·현종·숙종·인선왕후·명성왕후·인현왕후 어찰을 가리킨다. 또 한글 필치가 국립청주박물관의 “○○대왕어셔”나 “○○왕후어셔”라고 쓴 것과 같아 이들 첩이 건·곤으로 함께 장황되어 짝을 이루었다고 추정된다.
이 어찰첩은 국립청주박물관 소장«숙명신한첩(淑明宸翰帖)», 오죽헌시립박물관의 “명안공주 관련유물”(明安公主關聯遺物, 보물 제1220호)로서 현종, 명성왕후(明聖王后, 1642~1683), 숙종의 한글어찰을 수록한 «어필첩(御筆帖)»등과 함께 조선왕실의 한글어찰을 살필 수 있는 귀한 자료이다."
대구 파계사 원통전,보물,대구 동구,"
			
	             
	                 
	                 
	                     대구광역시 동구 파계로 741 (중대동)
	                 
	             
	         
	         
		",128.641069,36.001568,"파계사는 창건에 관한 기록이 확실치 않으나 신라 애장왕 5년(804년) 심지왕사(心地王師)가 창건하였다고 전한다. 팔공산 자락에 원통전과 진동루가 남북축을 이루면서 좌우 건물이 위치한 전형적인 산지 가람배치를 이루고 있으며, 중심전각인 원통전은 근래 발견된 원통전 상량묵서에 의해 1605년에 공사를 시작하여 이듬해인 1606년에 공사를 마친 것임을 알 수 있다.
 
  원통전은 정면 3칸, 측면 3칸으로 구성하고 내부에는 마루를 깔았다. 기단의 가구와 ‘ㄱ’자형 귀틀석의 모습 및 기법은 영주 부석사 무량수전과 유사한 것으로 보아 건물의 창건 당시인 신라 시기까지 올려 볼 수 있는 고식으로 보인다. 

  불상이 모셔진 수미단에는 수미산을 상징하는 각종 문양이 투각되어 있는데, 이들 중 봉황과 학은 국가 안녕과 왕손들의 수명장수를 기원하기 위하여 새긴 것으로 건칠관음보살좌상(보물) 내부 복장에서 발견된 발원문과 영조대왕 도포와 함께 파계사가 왕실의 원당임을 읽게 하며, 일반적인 수미단에 비해 수작으로 평가된다. 공포의 구성은 내외출목수가 2출목으로 같으며 첨차 상부에 공안(栱眼)이 설치된 것이 있어 고식의 흔적이 보인다. 창호는 정면 3칸에 모두 설치하였다. 배면 양협칸에는 상인방에 문선과 중간기둥 흔적이 있는 것으로 보아 쌍여닫이 판문이 있었을 것으로 추정된다. 
 
  파계사 원통전은 상량문 묵서에 의해 1606년 중창되었음이 밝혀진 건물로 고식의 기단을 비롯한 17～18세기의 건물에서 나타나는 다포맞배 건물의 전형적인 공포형식의 특징을 비교적 잘 간직하고 있을 뿐만 아니라 왕실의 원당임을 입증할 수 있는 각종 유물이 온전히 보전되어 있어 국가지정유산 보물로서의 가치가 있다."
달성 하목정,보물,대구 달성군,"
			
	             
	                 
	                 
	                     대구광역시 달성군 하빈면 하산리 1043-1
	                 
	             
	         
	         
		",128.397376,35.88163,"달성 하목정」은 낙포 이종문(1566~1638)이 1604년 경에 건립한 정면 3칸, 측면 2칸의 대청과 정면 1칸, 측면 4칸의 방들이 서로 붙어서 전체적으로  “丁”자형의 독특한 평면으로 구성되어 있는 정자형 별당 건물임.
  하목정은 “丁”자형 평면을 가진 것도 독특하지만 건물의 용도를 주인과 하인이 같은 건물에 거주하는 것도 매우 이례임. 이 건물은 조선 중기에 건립된 평면형태가 독특한 정자형 별당 건축으로 공간구성과 세부기법 및 의장 등에는 많은 특색이 나타나고 있어 역사적, 건축적, 학술적 가치가 뛰어남."
대구 동화사 극락전,보물,대구 동구,"
			
	             
	                 
	                 
	                     대구광역시 동구 동화사1길 1 (도학동)
	                 
	             
	         
	         
		",128.7052097,35.99250892,"대구 동화사 극락전은 1600년(선조 33) 금당암 영역에 건립하고 금당(金堂)이라 했다. 이전의 수마제전을‘고금당(古金堂)’으로 기록한 것은 현재 대웅전 영역이 중심인 것과 달리 창건한 이후 동화사의 중심은 금당암이었다는 것이고, 극락전을 금당(金堂)이라 하고 수마제전을 고금당(古金堂)이라고 한 것은 이전의 금당이 수마제전이고 새로 건립한 금당이 극락전이라는 것이다. 또한 통일신라에 가람을 창건한 당시의 위치에, 당시의 양식을 잘 보존하고 있는 기단과 초석을 그대로 유지하면서, 상부에 17세기 전반의 목조건축을 현재에 전하고 있다. 창건 당시의 기단과 초석을 그대로 사용했기 때문에, 감주나 이주 없이 동일한 기둥 간격의 평면을 구성하고 있으며, 상부 목조가구의 기본 틀 역시 고대의 기법이 남게 되었다. 뿐만 아니라 현재 마루바닥 하부에도 방전이 깔려 있는 등 고식의 기법이 많이 남아있다. 
현존하는 상부의 목조건축은 문헌기록을 통해 건립연대가 1622년으로 명확히 확인된다. 현존하는 임진왜란 이후에 재건된 조선후기 불전 중에서는 건립 시기가 빠른 편에 속하며, 처마와 창호, 단청 등에서 일제강점기 이후의 개변이 확인되지만, 전체적인 구조와 의장은 건립 당시의 상태를 잘 유지하고 있고, 건물을 이루는 부재간 및 전체적인 비례가 미려함을 잃지 않고 있다. 
극락전의 공포 의장과 구조 역시 주목할 만하다. 먼저 고대의 기둥 간격 위에 17세기의 다포를 구성하는 과정에서 미세한 첨차 길이의 조정을 통해 공포대 구성의 의장적 통일성을 확보한 점에서 이 건물을 조영한 목수의 탁월한 실력을 엿볼 수 있다.  그리고 제공의 내외부 끝을 교두형으로 처리하고, 추녀와 선자연이 걸리는 모서리 부분 퇴칸의 공포에 병첨을 사용하는 방식은, 17~18세기 팔공산을 중심으로 영남지역에 집중적으로 나타나는 기법으로, 특정 지역에서 활동했던 기술자 집단의 특징을 잘 나타내고 있어 학술적으로도 매우 가치가 높다."
대구 동화사 수마제전,보물,대구 동구,"
			
	             
	                 
	                 
	                     대구광역시 동구 동화사1길 1 (도학동)
	                 
	             
	         
	         
		",128.7053969,35.99276988,"대구 동화사 수마제전은 1465년(세종 11)에 건립되었고, 임진왜란 뒤 1702년(숙종 28)에 중창되었다는 기록이 전하며, 현재의 유구도 17세기 이후의 기법과 고식의 기법이 공존해 연혁과 부합하는 등 그 조영 시기가 명확히 확인된다.
수마제전은 사방 1칸 규모로, 다포식 공포를 가지며 맞배지붕으로 된 불전인데, 이처럼 사방 1칸의 다포계 맞배지붕 불전은 현재 국내에서 수마제전이 유일한 유구이다. 맞배지붕 불전으로 측면에 공포를 구성하지 않았지만 평방을 구성하고, 귀포에는 전각포를 구성하여 이전에 다포계 팔작지붕 건물이었던 것을 해체해 일부 부재를 재사용해 다시 지었을 가능성을 보여주는 드문 사례이다. 이는 곧 본 건물의 연혁을, 1465년에 다포계 팔작지붕 불전으로 건립되었다가, 임진왜란 때 일부 피해를 입자 1702년에 해체한 후 부재 일부를 사용해 다시 지은 것으로 구체화 할 수 있는 가능성을 제시하는 것이라 할 수 있다. 
수마제전의 공포 의장은 극락전과 마찬가지로 전ㆍ후면, 그리고 내ㆍ외 모두 제공의 단부에 수서나, 앙서를 만들지 않은 교두형으로 되어 있는데, 이러한 공포 의장 기법은 17~18세기에 걸쳐 팔공산을 중심으로 영남지역에서 집중적으로 나타나는 지역적 특성으로서, 당시 이 일대에서 주로 활동했던 동일한 계보의 기술자 집단에 의해 조영된 것임을 알 수 있다.  
본 건물의 지붕가구 기법 역시 특기할 만하다. 전체적으로 보면 삼량가 구성이나, 내목도리를 받는 승두의 내단부를 안쪽으로 늘이고 그 아래에 판대공을 세워 지지한 위에, 종보를 올리고 종도리를 받는, 즉 오량가의 이중량 구조처럼 보이지만, 실제는 중도리 없이 하나의 서까래만 걸친 삼량가인, 아주 독특한 방식으로 되어있다. 그 결과 전후 도리간의 수평적 일제성이 강화되고, 더욱 안정적인 방식으로 종도리를 받을 수 있는 독창적인 구조가 되었다. 이러한 지붕가구 기법은 다른 문화유산에서는 볼 수 없는 것으로 전통 목조건축 지붕가구 기법의 다양성을 보여주는 중요한 사례라 평가할 수 있다. 그리고 종도리와 내목도리 사이에 설치한 고식의 솟을합장 부재가 남아있는 것도 중요한 특징으로 언급할 만하다."
대구 달성,사적,대구 중구,"
			
	             
	                 
	                 
	                     대구 중구 달성공원로 35 (달성동)
	                 
	             
	         
	         
		",128.577659106867,35.8738752888425,"평지의 낮은 구릉을 이용하여 쌓은 삼국시대의 성곽이다. 높이는 일정치 않으나 4m정도이며, 둘레는 약 1.3㎞이다.
 성벽의 아랫부분에서 초기철기시대의 조개더미와 각종 유물이 발견된 것으로 보아, 이 지방의 중심세력이 성장하여 초기적 국가 형태를 이루면서 쌓은 것으로 생각된다. 또한 경주의 월성처럼 평지에 낮은 구릉을 이용하여 쌓은 것이 특징이다. 따라서 달성은 우리나라 남부지방에서 초기 성곽의 전형으로 평가되고 있다.
 성벽은 주로 흙으로 쌓았고, 성벽 윗부분에는 큰 돌덩어리들이 군데군데 드러나 있어 후대에 수리한 것으로 보인다. 성안에는 조선시대 전기까지 군대의 창고가 있었고 우물과 연못이 있었다고 한다. 성의 서남쪽으로 연결된 구릉지대에는 돌방무덤(석실분)이 많이 흩어져 있고, 무덤에서 금동관을 비롯한 유물이 발견되었다.
 대구 달성은 우리나라 성곽 발달사에 있어 가장 이른 시기의 형식이라는 점에서 그 의미가 크다."
대구 불로동 고분군,사적,대구 동구,"
			
	             
	                 
	                 
	                     대구 동구 불로동 335번지
	                 
	             
	         
	         
		",128.6443255,35.91337278,"대구시 불로동과 입석동 구릉 서남면에 있는 수십기의 크고 작은 무덤들이다.
 무덤의 지름은 15∼20m, 높이 4∼7m 정도가 보통이며, 내부구조는 냇돌 또는 깬돌로 4벽을 쌓고, 판판하고 넓적한 돌로 뚜껑을 덮은 직사각형의 돌방이 있으며, 그 위에 자갈을 얹고 흙을 덮었다. 껴묻거리(부장품)로 금제 혹은 금동제 장신구와 철제무기 무늬를 새긴 토기 등 많은 출토물이 있다.
 이 무덤들은 대개 5세기 전후경 삼국시대에 축조된 것으로 판단되며, 이 지역 일대를 지배하고 있던 토착 지배세력의 집단무덤으로 추측한다.
 불로동 무덤들은 위치가 구릉이라는 점, 무덤 내부가 돌무지 무덤과 비슷하게 깬돌로 지은 점, 그리고 돌방이 지나치게 가늘고 긴 점에서 낙동강 중류 지역 계통임을 알게 해 준다. 그러나 유물의 형태나 질이 신라와 유사하여 이 지역 세력의 복잡한 문화양상을 보여주기도 한다."
대구 계산동성당,사적,대구 중구,"
			
	             
	                 
	                 
	                     대구 중구 서성로 20 (계산동2가)
	                 
	             
	         
	         
		",128.587794117871,35.8679125781172,"1886년 로베트(Robert.A.P) 신부가 경상도 지역에 천주교를 전파하다가 1897년에 현재의 계산동 성당 자리에 있던 초가집를 임시 성당으로 사용하였다. 1899년에 한식 목조 십자형의 성당을 지었으나, 다음 해에 화재로 불 타 1902년에 현재의 성당을 짓게 되었다.
 설계는 로베트 신부가 하고 중국인이 공사를 맡았다고 한다. 당시 대구에서는 처음 세워진 서양식 건물로, 입구에 두 개의 종각에 우뚝 솟아 ‘뾰족집’이라는 별명을 얻었다. 성당건축은 고딕양식이 가미된 로마네스크 양식이며, 화강석 기단 위에 붉은 벽돌을 쌓고 검은 벽돌로 고딕적인 장식을 하였다. 
 대구 지방에서 유일한 1900년대 성당 건축물로서 매우 중요한 가치를 지니고 있다."
군위 인각사지,사적,대구,"
			
	             
	                 
	                 
	                     대구광역시 군위군 삼국유사로 250 (삼국유사면, 인각사)
	                 
	             
	         
	         
		",128.779287296537,36.1279247133718,"군위군 화산의 북쪽 기슭 강가 퇴적지대에 자리잡은 절터이다.
 인각사는 선덕여왕 시절 원효가 세운 절이라 한다. 그 뒤 고려 때에 크게 고쳐 지었고, 일연이 충렬왕 10년(1284)부터 5년간 이 절에서 머물며 『삼국유사』를 지은 장소로 널리 알려져 있다.
 인각사는 언제 세워졌는지 문헌으로는 확인할 수 없다. 그러나 발굴조사 때 대웅전터로 생각되는 건물이 있던 곳에서 통일신라시대의 건물터를 확인하여, 신라 후기에 이미 있었던 것으로 짐작하고 있다.
 지금의 인각사에는 법당과 두 채의 건물이 남아 있으며, 중요문화유산으로 인각사 보각국사 탑과 비(보물)가 있다."
대구 진천동 입석,사적,대구 달서구,"
			
	             
	                 
	                 
	                     대구 달서구 진천동 470-38번지 외
	                 
	             
	         
	         
		",128.522061734793,35.8099123042631,"입석은 큰 돌을 세워 놓은 것으로 선돌이라고도 하며, 고인돌이 있는 지역에서 자주 볼 수 있다.
 진천동에서 선돌을 세운 주위로 석축을 네모난 형태로 둘러 쌓아 놓았고, 선돌 앞에서 제사의식을 지낸 것으로 짐작된다. 선돌 주위에는 고인돌이 여러 기 남아있다. 주변지역은 주택이 많이 들어서 있으나, 유적 보존을 위해 선돌 지역을 발굴조사하여 정비하였다.
 고인돌과 선돌의 관계 및 서로의 기능적 성격을 통해 고대 문화 연구에 좋은 자료가 되는 유적이다."
구 대구의학전문학교 본관,사적,대구 중구,"
			
	             
	                 
	                 
	                     대구 중구 국채보상로 680 (동인동2가)
	                 
	             
	         
	         
		",128.604497361535,35.8677946949046,"구 대구의학전문학교 본관(현 경북대학교 의과대학 본관)건물은 일제 강점기 때 대구지역 의료인 양성을 위해 지어진 건물로 1933년 공립 대구의학전문학교로 개교되었다.
 이 건물은 구 도립대구병원(사적, 현 경북대학교 의과대학병원 본관)건물과 마주보며 배치되어 있다. 3층의 붉은 벽돌(조적조) 건물로 남향하며, 정면 중앙부에는 4층으로 된 사각탑(Turret)을 두고 옥상에는 옥탑을 설치하였다. 평면은 ‘산(山)’자 모양으로 중복도(中複道)식이며, 현관 포치(Porch)를 중심으로 좌우대칭형이다.
 건물의 외관 구성에 나타난 특징은 정면 중앙부 돌출 유리벽의 곡면처리 및 창 사잇벽과 옥상 파라팻부의 수평돌림띠는 정면성을, 옥상부의 사각탑과 창 사이의 수직벽은 수직성을 잘 나타내고 있다. 전체적으로 안정감과 웅장함을 느끼게 한다.
 한국 근대 의학교육의 역사를 잘 보여주는 중요한 건물로, 전체적으로 보존상태가 매우 양호하며, 전체와 세부 구성이 치밀하고, 건축사적으로도 매우 수준 높은 건물로서 근대건축으로서의 건축사적 가치뿐만 아니라 교육사적으로도 높은 가치를 지니고 있는 중요한 유적이다."
구 도립대구병원,사적,대구 중구,"
			
	             
	                 
	                 
	                     대구 중구 동덕로 130 (삼덕동2가)
	                 
	             
	         
	         
		",128.604294527176,35.8667596760972,"구 도립대구병원(현 경북대학교 의과대학병원 본관)은 일제 강점기 때 1928년 도립 대구의원으로 지은 2층의 붉은 벽돌(조적조) 건물이다.
 이 건물은 구 대구의학전문학교 본관(사적, 현 경북대학교 의과대학 본관)건물과 마주보며 배치되어 있다. 건물은 북향하여 동서로 길게 배치되었으며 지붕은 모임지붕 형태로 기와를 이었다. 평면은 ‘ㄱ’자 모양으로 중복도(中複道)의 양측에 각 실(室)을 남향과 북향으로 배치하였으며, 정면 우측의 익사(翼舍)에는 편복도를 설치하고 동향으로 실을 배치하였다.
 건물 구성은 정면 중앙부의 현관 포치(Porch)를 중심으로 대칭을 이루고 창인방과 처마부를 화강석 수평돌림띠(Cornice)로 장식하여 르네상스적 분위기를 느끼게 한다.
 건물의 외관구성에 나타난 특징은 네모반듯한 지붕을 이은 사각탑(Turret), 수직으로 긴 반원 아치(Arch)창, 페디먼트(Pediment), 지붕면의 도머(Domer)창, 난간벽의 치형(齒形) 장식수법, 화강석 다듬돌로 구성한 수평돌림띠(Cornice) 등의 형태요소들을 적극적으로 채용하여 정면성과 대칭성을 강조하고 있다.
 한국 근대 병원건축의 특징을 잘 보여주는 건물로, 우측 익사가 철거되고, 정면 좌측에 증축된 부분이 있으나, 전체적으로 원형이 잘 보존되어 있어 역사적·건축사적으로 높은 가치가 있는 중요한 유적이다."
달성 도동서원,사적,대구 달성군,"
			
	             
	                 
	                 
	                     대구 달성군 구지면 도동리 35번지
	                 
	             
	         
	         
		",128.371911,35.700976,"도동서원은 1605년(선조38) 지방 유림에서 한훤당 김굉필선생을 추모하기 위하여 세운 서원으로 조선중기 전학후묘(前學後廟)의 전형적 배치형식과 강당과 사당의 공포양식 및 담장 구성수법 등에서 건축적 특성을 보여주고 있다.
  강당·사당과 이에 딸린 담장은 보물 지정되어 있으며, 서원 전면에 위치한 신도비, 은행나무 등을 포함한 서원 전역을 국가지정문화유산(사적)으로 지정하여 보존·관리하고있다.※도동서원 → 달성 도동서원(2011.07.28 고시)


&lt;세계유산등재: 한국의 서원(2019. 7. 6.)&gt;
○ 유산지역: 소수서원(영주), 남계서원(함양), 옥산서원(경주), 도산서원(안동), 필암서원(장성), 도동서원(달성), 병산서원(안동), 무성서원(정읍), 돈암서원(논산)
○ 성리학과 관련된 한국의 문화적 전통의 탁월한 증거로 그 교육과 사회적 관습은 많은 부분 오늘날까지 지속됨. 서원은 중국에서 들어온 성리학이 한국의 여건에 맞게 변형되고 있고 그 결과 그 기능과 배치, 건축적인 면에서 변화를 겪고 토착화되는 역사적 과정에 대한 특출한 증거임.  ※세계유산적 가치(탁월한 보편적기준/OUV) 보유(기준ⅲ)"
대구 경상감영지,사적,대구 중구,"
			
	             
	                 
	                 
	                     대구광역시 중구 경상감영길 99 (포정동, 감영공원)
	                 
	             
	         
	         
		",128.592110695735,35.8722257313642,"조선 시대에는 각 도에 관찰사를 파견하여 지방 통치를 맡게 하였으며, 대구 경상감영은 조선 후기 경상도를 다스리던 지방관청으로 관찰사가 거처하던 곳이었다. 

경상도에는 조선 태종대부터 조선 전기까지는 별도의 감영(監營, 조선 시대 각 도의 관찰사가 거처하던 관청)없이 관찰사가 도내를 순력(巡歷, 조선 시대 감사가 도내의 각 고을을 순찰하던 제도)하였으며, 선조 34년(1601년) 대구에 감영이 설치되면서 이곳에서 정무를 보았다.
  
대구 경상감영지는 경상감영의 중심건물인 선화당과 징청각이 원 위치에 잘 보존되어 있고 발굴조사 결과 감영지가 확인됨에 따라 임진왜란 이후 8도의 관아 구성을 잘 보여주는 유적으로 평가된다."
대구 구암동 고분군,사적,대구 북구,"
			
	             
	                 
	                 
	                     대구광역시 북구 구암동 456
	                 
	             
	         
	         
		",128.5674734,35.93143826,"「대구 구암동 고분군」은 팔거평야가 한눈에 바라보이는 대구 북구의 함지산 서쪽 능선에 대규모로 조성되어 있다. 고분군이 분포하는 능선은 여러 갈래로 나뉘어 있고 경사가 심한 편으로 360기의 봉분이 있다. 구릉의 능선 위에는 대형분이 있는데 총 3개 능선에 지름 15m~25m의 무덤 34기, 25m 이상의 대형 무덤 7기를 포함하고 있다. 경사면에는 나머지 소형분이 자리하고 있다.

  이곳에서는 1975년(56호분)과 2015년(1호분) 두 차례 발굴조사가 있었으며, 이때 2기의 고분에서 구덩식 돌덧널(수혈식 석곽) 위에 봉분을 돌로 쌓은 독특한 축조양식을 확인하였다. 2015년 발굴한 1호분은 여러 매장주체부가 축조되는 연접분 방식을 보여주는데 1-1호분의 북동쪽에 1-2호분이, 1-1호분의 남서쪽에 1-3호분이 있는데 이들은 서로 이어서 쌓여있으며 그 사이는 돌을 쌓아 연결하였다. 매장주체부는 주곽(主槨)과 부곽(副槨)을 11자 형태로 나란히 배치하였다.
 
  대구 구암동 고분은 5~6세기 팔거평야를 중심으로 성장했던 신라 지역 세력의 수장층 무덤으로, 봉분을 돌 등으로 채운 방식‧연접분‧주부곽식 구조 등 신라 고분의 특징을 보이면서도 다른 신라‧가야 고분에서는 확인되지 않는 돌무지돌덧널무덤(적석석곽)의 축조 방식을 보여주고 있어 한반도 고대사와 고분 연구에 중요한 자료로서 가치가 높다."
대구 도동 측백나무 숲,천연기념물,대구 동구,"
			
	             
	                 
	                 
	                     대구 동구 도동 산180번지
	                 
	             
	         
	         
		",128.663619167467,35.9182217662164,"측백나무는 중국 및 우리나라에 분포하고 있으며, 우리나라에는 대구, 단양, 안동, 영양 등지에서 자라고 있다. 절벽 바위에 뿌리를 내리고 숲을 이루는 경우가 많으며, 주변 환경을 아름답게 하기 위해 주택과 마을 주변에 많이 심고 있다. 

대구 도동 측백나무 숲은 나무의 높이가 5-7m 정도되는 700여 그루의 나무가 절벽에 자라고 있으며, 측백나무 외에도 소나무, 느티나무 등이 함께 어우러져 있다. 주변의 숲은 사람들이 나무를 함부로 베어가서 황폐해졌지만 측백나무는 절벽의 바위틈에 자라기 때문에 베어지지 않고 그대로 남을 수 있었다. 

대구 도동 측백나무 숲은 지정당시에는 이 지역이 달성에 속해 있어 '달성의 측백수림'으로 불려왔다. 또한 측백나무는 중국에서만 자라는 나무로 알려져 있었는데 우리나라에서도 자라고 있어 식물 분포학상 학술적 가치가 높아 천연기념물로 지정·보호하고 있다. 

현재 대구 도동 측백나무 숲의 보호를 위하여 공개제한 지역으로 지정되어 있어 관리 및 학술 목적 등으로 출입하고자 할 때에는 국가유산청장의 허가를 받아 출입할 수 있다."
달성 비슬산 암괴류,천연기념물,대구 달성군,"
			
	             
	                 
	                 
	                     대구광역시 달성군 유가읍 용리 산 1 등
	                 
	             
	         
	         
		",128.524013277565,35.6917317261816," 암괴류(岩塊流)란 큰 자갈 또는 바위크기의 둥글거나 각진 암석 덩어리들이 집단적으로 산 사면이나 골짜기에 아주 천천히 흘러내리면서 쌓인 것을 말한다.
 비슬산 암괴류는 중생대 백악기 화강암의 거석들로 이루어진 특이한 경관을 보여주고 있을 뿐만 아니라, 그 규모가 길이 2㎞, 폭 80m, 두께 5m에 달하고 암괴들의 직경이 약 1∼2m에 이르는 것으로 국내에 분포하는 수 개의 암괴류 중 규모가 가장 커 학술적·자연학습적 가치가 매우 높다.
 암괴류의 형성과정은 중요한 학술적 연구대상이다."
달성 삼가헌 고택,국가민속문화유산,대구 달성군,"
			
	             
	                 
	                 
	                     대구 달성군 하빈면 묘동4길 15 (묘리)
	                 
	             
	         
	         
		",128.412629,35.90673,"달성군 하빈면 묘동은 사육신 중 하나인 충정공 박팽년(1417∼1456) 후손이 모여 사는 순천 박씨 집성촌이다. 삼가헌은 박씨 집성촌과는 낮은 산을 경계로 하고 있다. 삼가헌은 박팽년의 11대 손인 성수聖洙가 1769년에 이곳에 초가를 짓고 자기의 호를 따라 삼가헌이라 한 것에서 시작한다. 그 뒤 그의 아들 광석光錫이 1783년 이웃 묘골에서 현재 위치로 분가한 다음 1826년 초가를 헐고 안채와 사랑채를 지었다. 별당인 하엽정(荷葉亭)은 연꽃잎의 정자라는 뜻으로 1826년 집을 지을 당시 많은 흙을 파낸 자리에 박광석의 손자 규현이 1874년에 연못으로 꾸며 연을 심고 파산서당을 앞으로 옮겨 지으면서 하엽정이라 당호를 붙였다.

삼가헌三可軒이라는 이름은 중용에서 나왔다. 중용 제 9장에는 子曰 天下國家可均也, 爵祿可辭也, 白刃可蹈也, 中庸不可能也(자왈 천하국가가균야, 작록가사야, 백도가답야, 중요불가능야) 라는 문구가 있다. 이 글은 &quot;천하와 국가는 다스릴 수 있고, 관직과 녹봉도 사양할 수 있고, 날카로운 칼날 위를 밟을 수도 있지만 중용은 불가능하다.&quot;라는 뜻이다. 이는 천하를 다스림은 知이고, 작록을 거부하는 것은 仁이며. 칼날을 밟을 수 있다는 것은 勇에 해당한고 한다. 즉 선비로서 갖추어야 할 덕목을 모두 갖추었다는 것이다.  

하엽정은 원래 4칸 규모의 1자형 건물이었는데 앞에 누마루를 한 칸을 늘여 붙였다고 한다. 연못은 앞쪽으로 길게 뻗은 직사각형이고 가운데 원형 섬이 있고 섬까지는 외나무다리가 있어다. 이 별당은 원래 서당으로 쓰던 곳으로 앞에는 &lt;하엽정&gt;이라는 당호와 함께 &lt;파산서당巴山書堂&gt;이라는 편액이 걸려 있다. 

안채는 전면 6칸 전퇴집으로 3평주 삼량집으로 2009년 4월 화재로 소실되어 다시 지었다. 전체적으로 볼때, 조선 중기에 건축된 지방 양반가의 특징을 잘 남긴 대표적인 주택이다."
달성 조길방 고택,국가민속문화유산,대구 달성군,"
			
	             
	                 
	                 
	                     대구 달성군 가창면 조길방길 92-1 (정대1리)
	                 
	             
	         
	         
		",128.581852,35.755734,"조길방 가옥은 해발 450m 정도의 높은 산간마을에 위치하고 있으며, 현재 남아있는 6호 중에 가장 오래된 집이다. 원래 대구 동촌비행장 근처에 살고 있다가 9대조 광국(光國) 대에 가화(家禍)를 당하여 홀로 이곳으로 들어와 정착하였다. 안채는 정착 당시인 1784년경에 건립하였으며, 사랑채는 1925년경 확장하고 아래채는 1955년경에 무너진 것을 다시 지었다.
  안채는 높은 축대 위에 앉아 있고 그 앞의 낮은 마당 좌․우에 각각 아래채와 사랑채가 마주보고 있다. 사랑채 뒤편 건물은 헛간채이다. 안채는 남부지역에서 주로 찾아 볼 수 있는 평면구성으로 좌로부터 부엌․큰방․대청․건넌방 순으로 놓여 있다. 대청에서 큰방과 건넌방으로 통하는 키 작은 문과 큰방 앞의 앙증맞은 문은 드나들기가 어려울 정도의 작은 문이다. 이들 문은 상류주택에서 찾아 볼 수 없는  초가의 전형적인 창호로 옛 모습을 잘 간직한 것으로 보인다. 사랑채는 1칸 헛간과 2칸통 온돌방으로 이루어져 있고, 아래채는 좌로부터 방앗간․곳간․온돌방․외양간으로 구성되어 있다.
  이 가옥은 흔치 않은 오래된 조선시대의 귀한 초가로 안채 평면구성은 남부지방 서민주거의 특징을 잘 보여주고 있으며, 질박한 초가의 참 모습을 읽게 하는 안채의 작은 창호가 눈길을 끈다."
영조대왕의 도포,국가민속문화유산,대구 동구,"
			
	             
	                 
	                 
	                     대구 동구 파계로 741, 파계사 (중대동)
	                 
	             
	         
	         
		",128.6404767,36.0014938,"영조대왕의 도포는 1979년 파계사 원통전(圓通殿)의 관세음보살상을 금칠하다가 발견되었다. 도포와 함께 발견된 한자 두루마리에 적힌 발원문에 의하면, 영조 16년(건륭 5,1740) 9월 파계사 대법당을 수리하고 영조가 탱화 일천불을 희사하면서 이 곳을 왕실을 위해 기도하는 도량으로 삼고 영조의 청사상의(靑紗上衣)를 복장하여 만세유전을 빈다고 기록하고 있다. 
도포는 조선시대에 왕을 비롯하여 사대부의 외출복으로 입혀졌던 옷으로 기록이나 유물은 16세기부터 보이기 시작한다. 형태는 곧은 깃에 넓은 소매(廣袖)가 달린 것으로 뒷자락이 2중구조로 된 특징이 있다. 길에서 내려오는 기존의 뒷자락이 있으며 앞의 무가 뒷자락 안에 붙어 있어 뒷자락이 2단으로 분리되어 있다. 18세기 풍속화 중 도포를 착용한 모습에서 서로 분리되어 있는 뒷자락 모습을 볼 수 있다. 
영조의 도포는 무늬 없는 사(紗:[은조사])로 된 홑옷으로 현재의 색상은 연한 녹색빛을 보인다. 소매는 넓은 두리 소매이며 깃의 모양은 목판깃과 당코깃 모양이 합쳐진 반당코깃(반목판깃)이다. 일반인의 도포가 곧은깃(직령깃)인데 반하여 반목판깃의 형태여서 서민과 왕족이 사용한 도포의 양식이 달랐음을 알 수 있다. 
영조대왕의 도포는 전세 유물 도포 중 가장 오래된 것이면서 왕이 착용하였다는 점이 기록되어 있는 중요한 자료로 형태와 색이 비교적 완전하여 복식사적 가치가 크다고 할 수 있다."
진주하씨 묘 출토유물,국가민속문화유산,대구 수성구,"
			
	             
	                 
	                 
	                     대구 수성구 청호로 321, 국립대구박물관 (황금동)
	                 
	             
	         
	         
		",128.6374822,35.8460429,"1989년 현풍곽씨(郭氏)의 후손들이 경상북도 달성군에 있는 12대 조모인 진주하씨(河氏)의 묘를 이장하다가 발견한 유물들이다. 묘 주인 하씨는 임진왜란때 의병장으로 유명한 곽재우의 종질(사촌형제의 아들) 곽주의 둘째 부인으로 족보에는 그녀의 생사(生死)에 대한 기록이 나와 있지 않다. 그러나 출토된 편지의 내용으로 보아 1646년경인 조선 인조때의 여인임을 알 수 있다.
 출토된 유물에는 부녀자가 나들이할 때 머리에 써서 몸을 가리던 장옷을 비롯하여 지금의 두루마기와 비슷한 창의, 저고리 등 의복류와 이불, 베개, 돗자리 등 침구류, 머리빗는 도구를 담아두던 빗첩 등 81점이 있고 또한 그의 남편인 곽주와 그의 시어머니 등이 쓴 편지와 금전출납을 기록한 것 등 서간문 168점이 있다.
 진주하씨 묘 출토유물은 17세기초의 복식사 연구의 귀중한 자료일 뿐만 아니라, 부녀자의 주변 생활을 한글로 쓴 서간문을 통해 당시 경기도 현풍지방의 풍속이나 민속을 알 수 있는 중요한 자료가 되고 있다."
대구 백불암 고택,국가민속문화유산,대구 동구,"
			
	             
	                 
	                 
	                     대구 동구 옻골로 195-5, 일원 (둔산동)
	                 
	             
	         
	         
		",128.686821,35.907835,"조선 인조 때의 학자 대암 최동집이 이곳에 정착하면서 지은 집이다. 
 대구 지방에 있는 조선시대 주택 중 가장 오래되었으며, 살림채와 재실·사당으로 구성되어 있다. 숙종 20년(1694)에 지은 안채와 광무 9년(1905)에 다시 지은 사랑채가 살림채를 구성한다. 사랑채는 대원군의 서원철폐령으로 동천서원을 없앨 때 철거한 자재의 일부를 사용하여 다시 지은 것이라고 한다.
 살림채의 오른편에 있는 보본당은 영조 18년(1742)에 지은 사당으로, 제사지내는 재실로 사용하고 있다. 그 뒤편에 있는 2동의 사당은 최동집과 조선 정조 때의 학자인 최흥원의 위패를 모시고 있다.
 안채와 사랑채·재실·가묘·별묘 등이 조화를 이룬 큰 규모의 주택으로 조선시대 양반 주택과 그 생활 양식을 연구하는데 귀중한 자료가 되고 있다.
당초에는 대구 동구 민속자료 둔산동 경주최씨 종가 및 보본당 사당으로 지정(1982. 3. 4)되었으나 신청(2007.12.10)을 받아 국가민속문화유산으로 지정(2009. 6.19)되었다. 
<b>※ 위 국가유산은 일반적으로 관람이 가능하나, 소유주 등의 개인적 사정으로 관람이 제한될 수도 있습니다.</b>"
선화당,시도유형문화유산,대구 중구,"
			
	             
	                 
	                 
	                     대구광역시 중구 경상감영길 99 (포정동, 감영공원)
	                 
	             
	         
	         
		",128.59222338696,35.8720529339029,"선화당은 경상도 관찰사가 공적인 일을 하던 건물로 원래 안동에 있던 것을 조선 선조 34년(1601)에 김신원이 지금의 자리로 옮겼다. 그 뒤 현종 11년(1670), 영조 6년(1730), 순조 6년(1806) 3차례에 걸친 화재로 타버렸다.
 지금의 건물은 순조 7년에 윤광안이 다시 지은 것이다. 그 후 경상북도 도청으로 사용되다가 1969년 도청이 다른 곳으로 옮겨가자 1970년 중앙공원을 만들면서 현 모습으로 고치게 되었다.
 조선시대의 관청건물은 남아있는 것이 많지 않기 때문에 더욱 귀중한 자료이며, 경상감영의 상징이 되는 건물이라는 데 가치가 있다."
징청각,시도유형문화유산,대구 중구,"
			
	             
	                 
	                 
	                     대구광역시 중구 경상감영길 99 (포정동, 감영공원)
	                 
	             
	         
	         
		",128.591984407175,35.8722994643736,"경상도 관찰사가 살림채로 쓰던 건물이다. 조선 선조 34년(1601)에 선화당, 응향당 등 여러 건물과 함께 지었으며 그 뒤 여러 차례 고쳐 지어 오늘에 이르고 있다.
 앞면 8칸·옆면 4칸으로 넓이가 무려 227㎡나 되며 지붕은 옆면에서 볼 때 여덟 팔(八)자 모양인 팔작지붕으로 꾸몄다.
 징청각은 선화당과 함께 대구시내에 남아있는 유일한 관아건물로 중요한 국가유산이다."
팔공산마애약사여래좌상,시도유형문화유산,대구 동구,"
			
	             
	                 
	                 
	                     대구 동구 용수동 산1번지
	                 
	             
	         
	         
		",128.692105865411,36.0156640009561,"대구 팔공산 중앙봉의 정상 가까운 절벽에 새겨진 거대한 크기의 마애약사불상이다.
 민머리 위에는 상투 모양의 머리묶음이 큼직하며, 탄력있고 우아한 얼굴은 이목구비가 세련되고 단아하다. 둥근 어깨는 탄력있어 보이며, 허리는 잘록하게 표현되었다. 무릎에서 밖으로 내려뜨린 오른손과 무릎 위에 얹어 약 그릇을 들고 있는 왼손의 세련성 등은 이상적인 사실주의 양식을 보여주고 있다. 왼쪽 어깨를 감싼 옷은 몸의 굴곡이 드러날 정도로 얇은 편인데 옷주름은 자연스럽고도 규칙적이며, 가슴에서 옷깃이 한번 뒤집히는 등 8세기 불상의 특징을 보이고 있다. 
 광배(光背)는 불꽃이 타오르는 모습으로, 머리광배와 몸광배가 표현되어 있으며 연꽃무늬와 덩쿨무늬를 정교하게 새겨 넣었다. 대좌(臺座)는 위와 아래를 향하고 있는 연꽃잎을 새겼으며, 이들을 받치고 있는 용 두 마리가 표현되어 있어 화려한 모습이다.
 병고에 허덕이는 수많은 중생들의 돈독한 믿음을 받았던 이 약사불은 우아하고 화려한 사실주의 양식의 작품으로 통일신라시대에 만든 작품으로 보인다."
영영축성비,시도유형문화유산,대구 수성구,"
			
	             
	                 
	                 
	                     대구광역시 수성구 팔현길 248 (만촌동, 영남제일관)
	                 
	             
	         
	         
		",128.657849670526,35.8751740083984,"임진왜란 때 허물어진 대구토성을 돌로 다시 쌓은 후 이를 기념하고자 세운 비이다. 
 비는 직사각형으로, 바닥돌 위에 비몸을 세운 간단한 모습이다. 비문에 의하면 성의 둘레는 2,124보(步)이며, 네 개의 문을 만들고 성을 지키기 위한 군량, 전포 등을 갖춘 창고를 두었다. 석성의 공사기간은 6개월이며, 동원된 인원은 78,534명에 달한다. 성이 완성된 뒤에는 여러 장사들을 모아 활쏘기대회를 열어 상을 주었다 한다. 
 경상도 관찰사였던 민응수가 나라에 건의하여 영조 13년(1737) 대구 남문 밖에 세워두었으며, 민응수가 비문을 짓고, 백상휘가 글씨를 썼다. 광무 10년(1906)에 성은 헐리게 되었고, 비는 1932년 향교로 옮겨 보존되다가 1980년 지금의 자리로 옮겨 놓았다."
대구부수성비,시도유형문화유산,대구 수성구,"
			
	             
	                 
	                 
	                     대구광역시 수성구 팔현길 248 (만촌동, 영남제일관)
	                 
	             
	         
	         
		",128.657836236947,35.8751970831319,"조선 고종 때 경상도 관찰사로 부임해 온 김세호가 대구부성을 수리한 후 그 기념으로 세운 비이다. 대구부성은 영조 때 경상관찰사 민응수가 외적의 침입을 막기 위해 쌓았는데 그 후 성이 훼손되어도 제대로 보수가 이루어지지 않던 것을 김세호가 수리한 것이다.
 비는 네모난 받침돌 위에 비몸을 세우고 지붕돌을 올린 모습이다. 비문에는 공사에 관한 내용과, 유공자에게 상을 내린 일이 적혀 있다.
 고종 6년(1869)에 세운 비로, 관찰사 김세호가 직접 비문을 짓고, 당시 공사 책임관이었던 최석로가 글씨를 썼다. 광무 10년(1906) 대구부성이 헐리면서 갈 곳을 잃었다가 1932년 대구향교 경내로 옮겨 놓았고, 1980년 영남제일관을 재현하면서 현재의 자리로 옮겨왔다."
북지장사삼층석탑,시도유형문화유산,대구 동구,"
			
	             
	                 
	                 
	                     대구 동구 도장길 243, 북지장사 (도학동)
	                 
	             
	         
	         
		",128.714652873135,35.9764060897429,"북지장사의 대웅전 동쪽에 나란히 서 있는 두 탑이다. 북지장사는 고려 명종 22년(1192)에 보조국사가 창건하였다고 하나 그 이후의 역사는 전하고 있지 않다.
 탑은 2층 기단(基壇)에 3층 탑신(塔身)을 올린 모습으로, 두 탑의 규모와 형식이 거의 같다. 기단과 탑신의 몸돌에는 기둥 모양을 새겼다. 지붕돌은 윗면에 약한 경사가 흐르고, 밑면의 받침이 4단이며, 네 귀퉁이가 살짝 들려있다.
 땅속에 묻혀 있거나 주변에 흩어졌던 것을, 1981년 새로이 복원하여 지금에 이르고 있다."
파계사원통전,시도유형문화유산,대구 동구,"
			
	             
	                 
	                 
	                     대구 동구 파계로 741 (중대동)
	                 
	             
	         
	         
		",128.6404767,36.0014938,"팔공산 서쪽 기슭에 자리잡은 파계사는 통일신라 애장왕 5년(804)에 심지왕사가 세운 절로, 조선 선조 38년(1605)과 숙종 21년(1695) 등 두 번에 걸쳐 다시 지어 오늘에 이르고 있다.
 원통전은 관세음보살을 모시는 법당으로 앞면 3칸·옆면 3칸에 지붕은 옆면이 사람 인(人)자 모양을 한 맞배지붕으로 꾸몄다. 지붕 처마를 받치기 위해 장식하여 만든 공포는 기둥과 기둥 사이에도 있는 다포 양식이다. 일반적인 조선 후기 건축양식을 갖추고 있는 건물이다."
봉무정,시도유형문화유산,대구 동구,"
			
	             
	                 
	                 
	                     대구 동구 팔공로 327-7 (봉무동)
	                 
	             
	         
	         
		",128.640390032717,35.9280125878055,"조선 고종 12년(1875)에 봉촌 최상룡이 행정사무를 볼 수 있도록 마을사람들과 의논하여 지은 것이다.
 원래 이 자리에는 달성군 공산면 4개 마을(강동·독좌·위남·단산)에서 쓰던 초가 사무소가 있었다. 이 4개 마을을 합쳐 봉무동으로 행정구역이 바뀌자 초가를 헐고 이 건물을 지었다.
 강당을 중심으로 동쪽에 덕교재, 서쪽에 예용재가 있다. 강당은 농민들의 계몽과 마을 규약 등을 가르치고, 선비들이 모여 시를 짓고 풍류를 즐기던 곳이다. 덕교재와 예용재는 마을사람들이 모여 의논하던 곳이다.
 화강석의 둥근 초석 위에 둥근 기둥을 세운 5칸 규모의 집으로 지붕은 옆면이 사람 인(人)자 모양을 한 맞배지붕으로 옆면에 내림지붕을 달았다.
 봉무정은 조선 후기의 건축양식을 대표하는 건물이며, 이 시대 공공건물의 예로서 가치를 지니고 있다."
성재서당,시도유형문화유산,대구 동구,"
			
	             
	                 
	                 
	                     대구광역시 동구 미대길 120 (미대동)
	                 
	             
	         
	         
		",128.667828103681,35.9665432657146,"조선 인조(재위 1623∼1649) 때 선비 채명보(1574∼1644)가 학문을 강론하던 곳이다. 그 뒤 후손들이 선생의 덕행을 널리 기리고자 새로 짓고 ‘성재서당’이라 이름을 고쳤다.
 채명보의 휘는 선견, 자는 명보, 호는 양전헌이며 본관은 인천이다. 광해군 9년(1617) 생원시에 합격하였고, 서궁유폐사건이 일어나자 선비들과 함께 상소를 올려 잘못된 점을 지적하였다. 인조 2년(1624) 이괄의 난 때에는 향병을 모집하기도 하였으며, 인조 4년에 희릉참봉에 제수되었으나 받지 않았다. 고향으로 돌아와 성재정을 짓고 선비들과 학문을 논하면서 만년을 보냈다."
동화사대웅전,시도유형문화유산,대구 동구,"
			
	             
	                 
	                 
	                     대구 동구 팔공산로201길 41 (도학동)
	                 
	             
	         
	         
		",128.7036904,35.9933036,"동화사는 신라시대에 지어진 후 8차례에 걸쳐서 새로 지었으며, 대웅전 또한 여러 차례 다시 지은 것이다. 지금 있는 대웅전은 조선 후기인 영조 3년(1727)에서 영조 8년(1732)에 지은 것으로 추정한다.
 대웅전은 이 절의 중심 건물로 앞면 3칸·옆면 3칸 규모이며 지붕은 옆면에서 볼 때 여덟 팔(八)자 모양을 한 팔작지붕이다. 지붕 처마를 받치기 위해 장식하여 만든 공포는 기둥 위와 기둥 사이에도 있는 다포 양식이다. 문짝은 여러 가지 색으로 새긴 꽃잎을 장식해 놓은 소슬꽃살창을 달았다. 또한 기둥은 다듬지 않은 나무를 그대로 사용해서 건물의 안정감과 자연미를 나타내고 있다."
동화사극락전,시도유형문화유산,대구 동구,"
			
	             
	                 
	                 
	                     대구 동구 팔공산로201길 41 (도학동)
	                 
	             
	         
	         
		",128.70465261676,35.9927104126111,"동화사는 팔공산 남쪽 기슭에 있는 신라시대의 절이다. 언제 처음 지었는지는 정확하지 않으며, 통일신라 경순왕 8년(934)에 영조선사가 다시 지은 후에도 여러 차례 다시 지었다.
 극락전은 아미타불을 모시는 법당으로, 실개천 건너편의 흙담 안에 있다. 숙종(재위 1674∼1720) 연간에 지은 것으로 추정하고 있으며, 광해군 14년(1622)에 다시 지었다고 전한다.
 앞면 5칸·옆면 3칸 규모이며, 지붕은 옆면이 여덟 팔(八)자 모양인 화려한 팔작지붕집이다. 지붕 처마를 받치면서 장식을 겸하는 공포가 기둥 위와 기둥 사이에도 있는 다포양식이다. 
 조선 중기 건축양식의 특징을 잘 보이고 있는 건물이다."
동화사부도군,시도유형문화유산,대구 동구,"
			
	             
	                 
	                 
	                     대구 동구 도학동 산124-1번지
	                 
	             
	         
	         
		",128.701319428365,35.9941869928239,"부도는 승려의 무덤을 상징하여 그 유골이나 사리를 모시는 곳이다. 동화사 뒷편으로는 산 중턱에서 기슭에 이르기까지 부도밭이 펼쳐져 있는데, 모두 10기에 이르는 부도들이 일정한 간격을 두어 자리잡고 있다. 모두 이 절에서 수행한 역대 승려들의 사리를 모시고 있다. 
 제1호 성암당 해정대사탑-조선 헌종 5년(1839)에 세운 것으로, 네모난 바닥돌과 기단(基壇) 위로 종모양의 탑신(塔身)을 올린 모습이다. 
 제2호 제월당 대사탑-네모난 바닥돌 위로, 둥근 기단을 마련하고, 타원형의 탑몸돌 위로 4각 지붕돌을 얹은 모습이다. 
 제3호 기성당 대사탑-영조 40년(1764)에 세운 것으로, 연꽃을 조각한 기단 위에 타원형의 탑몸돌과 4각의 지붕돌을 올린 모습이다. 
 제4호 성임당축존대사탑-숙종 26년(1700)에 세운 탑이다. 바위를 바닥돌로 삼고, 둥근 기단을 올린 후 종모양의 탑신을 쌓았다.
 제5호 고운당 부도-숙종 2년(1676)에 만든 것으로, 4각의 바닥돌과 둥근 기단 위에 위가 뭉툭하게 잘린 종모양의 탑몸돌이 놓여 있다. 
 제6호 함우당 부도-숙종 46년(1720)에 세운 탑이다. 바닥돌과 기단에는 큼직한 연꽃무늬를 두르고, 8각의 지붕돌에는 밑면에 5단의 받침을 두었다. 
 제7호 이름이 밝혀지지 않음-세운 시기는 알 수 없다. 4각의 바닥돌 위에 꽃무늬를 새긴 둥근 기단을 두고, 타원형의 탑몸돌 위로 4각의 지붕돌을 얹은 모습이다. 
 제8호 상봉 정원대사탑-숙종 35년(1709)에 세운 것으로, 큼직한 연꽃을 새긴 기단 위로 둥근 탑몸돌과 4각의 지붕돌을 올려 놓았다. 
 제9호 계영당 극린대사탑-숙종 18년(1692)에 세웠다. 기단의 가운데돌에 특이한 무늬가 있으며, 8각의 지붕돌은 여덟 귀퉁이가 위로 들려 있다. 머리장식은 파손되었다. 
 제10호 고한당 부도-세운 연대는 알 수 없다. 4각의 바닥돌 위로 8각의 기단을 두고, 타원형의 탑몸돌에 8각의 지붕돌을 올린 모습이다. 
 대부분의 부도들이 둥글거나 네모난 돌기단 위로, 아래위가 잘린 계란모양의 탑몸돌을 올리고 지붕돌을 얹은 모습이다. 기단에 연꽃을 새겨두었을 뿐 거의 장식을 하지 않았으며, 탑몸돌에 승려의 이름을 새겨두긴 하였으나 그의 행적을 기록한 것은 드물다. 주로 17∼19세기초 사이에 세운 것들로, 조선시대 후기의 전형적인 부도양식을 잘 보여준다."
파계사목조관음보살좌상,시도유형문화유산,대구 동구,"
			
	             
	                 
	                 
	                     대구 동구 파계로 741 (중대동)
	                 
	             
	         
	         
		",128.6404767,36.0014938,
동화사염불암마애여래좌상및보살좌상,시도유형문화유산,대구 동구,"
			
	             
	                 
	                 
	                     대구 동구 도학동 산124-1번지
	                 
	             
	         
	         
		",128.697766148019,36.0083857829109,"대구 팔공산 기슭의 동화사에 있는 불상으로 윗쪽이 뾰족한 삼각의 자연 암반 서쪽면과 남쪽면에 선으로 여래상과 보살상을 조각하였다. 
 서쪽면에 새겨진 높이 4m의 여래상은 연꽃이 새겨진 화려한 대좌(臺座) 위에 앉아있다. 얼굴은 네모나며, 눈은 가늘게 뜨고 있고, 입가에는 약간의 미소를 띠고 있다. 대좌의 높이에 비해 양 무릎이 넓게 표현되어 균형은 잡히지 않고 있으나 비교적 안정감을 보이고 있다. 신체는 복부아래에만 옷이 표현되어 있으며 비록 선으로 새겼지만 대좌의 정교한 수법이 주목된다. 
 높이 4.5m인 남쪽면의 보살상은 옷이 길게 흘러내려 양 무릎이 노출되지 않고 있다. 부채꼴 모양의 보관을 쓰고 있으며, 코와 입 사이가 짧아서 기형적인 인상을 주고 있다. 오른손은 복부에 평행으로 들어 엄지와 검지 손가락으로 꽃줄기를 잡고 있다. 
 선으로 간결하면서도 힘있는 윤곽을 나타내고 있는 이 두 불상은 통일신라시대에 만든 것으로 추정된다."
북지장사석조지장보살좌상,시도유형문화유산,대구 동구,"
			
	             
	                 
	                 
	                     대구 동구 도장길 243 (도학동)
	                 
	             
	         
	         
		",128.7145385,35.9764766,"대구의 북지장사는 고려 명종 22년(1192)에 창건되었으며 불상은 북지장사 대웅전 뒤쪽 땅속에서 발견된 것으로 완전한 형태로 남아있다. 
 얼굴은 온화한 인상으로 단정한 자태를 보여주고 있으며, 왼손에는 보주(寶珠)를 들고 오른손은 무릎 위에 올려 손끝을 아래로 향하고 있다. 양쪽 어깨를 감싸고 있는 옷은 주름의 조각선이 가늘고 약하게 형식화되어 시대가 뒤짐을 보여준다. 
 머리의 형태나 손에 든 보주 등으로 미루어 보아 지옥의 중생을 구제한다는 지장보살을 형상화한 것으로 보이며, 단정한 자태와 온화한 인상 등으로 통일신라 후기에 만들어진 작품으로 추정된다."
부인사석등,시도유형문화유산,대구 동구,"
			
	             
	                 
	                 
	                     대구 동구 신무동 356번지
	                 
	             
	         
	         
		",128.672773197899,35.9950441722032,"부인사 대웅전 앞에 놓여 있는 8각 석등으로, 네모난 바닥돌 위에 3단의 받침을 두어 불을 밝혀두는 화사석(火舍石)과 지붕돌을 올린 일반적인 모습이다.
 받침부분은 가운데기둥을 사이에 두고 아래받침돌에는 엎어놓은 연꽃무늬를, 윗받침돌에는 솟은 연꽃무늬를 대칭적으로 새겨 놓았다. 화사석은 다른 절터에 있던 것을 가져다 복원한 것으로 4면에 창을 두었다. 지붕돌은 처마가 길고 얇으며, 여덟 귀퉁이가 하늘을 향해 들려있다. 꼭대기에는 연꽃무늬가 새겨진 둥근 받침만 남아 있을 뿐 그 위의 머리장식은 모두 없어진 상태이다. 
 비록 받침의 가운데기둥에 약간의 금이 갔지만 거의 완전한 형태로 남아 있으며, 조각도 섬세하고 부드럽다. 각 부재가 서로 균형과 조화를 이루고 있는 뛰어난 통일신라시대의 작품이다."
부인사서탑,시도유형문화유산,대구 동구,"
			
	             
	                 
	                 
	                     대구 동구 신무동 356번지
	                 
	             
	         
	         
		",128.672704022804,35.9949401237065,"부인사에 서 있는 3층 석탑이다. 부인사는 신라 선덕여왕 때 창건한 사찰로 추정되며, 절이 한창 번성할 때에는 전국에서 유일하게 승려들만의 승시장(僧市場)이 섰었다는 흥미로운 이야기가 전하고 있다.
 이 탑은 금당터 주변에 쌍탑으로 건립된 2기의 석탑 중 서쪽에 있는 탑으로, 1966년에 복원되었다. 2층 기단(基壇) 위에 3층의 탑신(塔身)을 올렸는데 꼭대기의 머리장식은 없어지고 그 받침돌만 남아있다. 기단은 각 면마다 기둥모양을 새기고 윗면에 2단의 괴임을 새겨 윗돌을 받치게 하였다. 탑신의 각 몸돌은 모서리마다 기둥모양을 새겼고, 지붕돌은 비교적 완만한 경사가 흐르며, 밑면에는 5단의 받침을 두었고, 네 귀퉁이에서 부드럽게 치켜올라갔다.
 통일신라 후기 즈음에 세운 탑으로 추측된다."
신무동마애불좌상,시도유형문화유산,대구 동구,"
			
	             
	                 
	                 
	                     대구 동구 신무동 235-7번지
	                 
	             
	         
	         
		",128.670788151106,35.9896813599264,"부인사계곡 아래쪽에 위치하고 있는 이 불상은 지상에 노출된 큰 바위 위에 돋을새김한 불상이다.
 머리에는 작은 소라 모양의 머리칼을 붙여 놓았으며 길쭉한 얼굴은 풍만감을 주고 있다. 어깨는 당당하며 양 어깨를 감싸고 있는 옷에는 경직된 모습의 옷주름이 표현되었다. 손은 오른손을 위로 들어 손바닥을 밖으로 향하게 하고, 왼손은 손바닥을 밖으로 향하게 하여 내리고 있는 모습이다. 불상이 앉아있는 대좌(臺座)는 위와 아래를 향한 연꽃을 새겼는데, 위를 향한 연꽃 속에는 꽃무늬를 새겨 놓았다. 광배(光背)는 머리광배와 몸광배를 선으로 구별하고 있는데, 머리광배에는 고사리 무늬를 새기고 가장자리를 불꽃무늬로 장식하였다.
 이 불상은 길쭉한 얼굴, 경직된 옷주름 등의 조각기법으로 보아 고려시대에 만들어진 것으로 보인다."
동화사염불암청석탑,시도유형문화유산,대구 동구,"
			
	             
	                 
	                 
	                     대구 동구 도학동 산124-1번지
	                 
	             
	         
	         
		",128.697513381547,36.0082406989617,"동화사에 딸린 암자인 염불암 안마당에 서 있는 탑으로, 원래의 자리를 굳건히 지키고 있다. 청석탑이란 벼루를 만들던 점판암을 이용해 만든 탑인데, 이 탑은 화강암으로 이루어진 바닥돌 이외에는 모두 이 재질의 돌이 쓰였다.
 탑은 3단의 바닥돌 위에 쌓아 놓았는데, 세울 당시에는 기단(基壇)과 탑신부(塔身部)의 몸돌들이 있었을 것이나 지금은 10개의 지붕돌만이 포개진 상태이다. 지붕돌은 파손이 심하여 곳곳에 작은 돌을 괴어 놓았는데 그 모습이 안쓰럽다. 지붕돌은 밑면에 2단씩의 받침을 두었으며, 윗면에 느린 경사가 흐른다. 또한 두께가 얇고, 네 귀퉁이에서 곡선을 그리듯 한껏 들려 있어 경쾌한 멋을 이끌어낸다.
 지붕돌의 비례는 그리 아름답지 않으나, 넓다란 바닥돌 위에 세워 놓은 작은 규모의 탑으로서 안정감이 느껴진다. 청석탑이 널리 유행하던 고려시대에 세운 것으로 추측된다."
팔공산동봉석조약사여래입상,시도유형문화유산,대구 동구,"
			
	             
	                 
	                 
	                     대구 동구 용수동 산1-3번지
	                 
	             
	         
	         
		",128.695961357631,36.0145258603501,"대구 팔공산 중앙봉의 정상에 위치하고 있는 전체 높이 6m에 달하는 거대한 석불입상이다.
 얼굴은 두 볼이 풍만하고 입가에 약간의 미소를 띠고 있어서 자비스러움을 느끼게 한다. 신체에 비해 큰 오른팔은 안쪽으로 늘어뜨렸는데 다섯손가락의 길이가 고르지 않아 부자연스러우며, 왼팔은 가슴 앞으로 올려 무언가를 잡고 있는 듯하나 확실하지 않다. 옷자락 밖으로 노출된 발끝은 발가락의 조각이 뚜렷하여 거대한 불상임에도 안정감을 준다.
 거대한 불상에 잘 조화되어 있는 옷주름이나 인상 등의 조각수법으로 보아 관봉(冠峰)의 석조여래좌상과 같은 시대에 만들어진 작품으로 추정된다."
신무동삼성암지마애약사여래입상,시도유형문화유산,대구 동구,"
			
	             
	                 
	                 
	                     대구 동구 신무동 산16번지
	                 
	             
	         
	         
		",128.676195182299,36.0092394956422,"대구광역시 동구 신무동 암벽에 조각되어 있는 약사여래상이다. 
 민머리 위에는 상투 모양의 머리묶음이 커다랗게 솟아있고, 귀는 길게 늘어져 있다. 불상의 어깨는 자연스럽게 처리되었고, 단조로운 옷주름이 전면을 장식해 입체감을 주고 있다. 오른손은 밑으로 내려 가볍게 옷자락을 잡고 있고, 왼손은 가슴 아래로 올려서 약사여래의 상징인 구슬 모양의 약그릇을 들고 있다. 
 풍화로 인한 마멸 때문에 선명하게 보이지는 않지만 전체적인 표현에서 당나라 풍의 훌륭한 용모가 엿보이는 불상으로, 신라의 기법에서 고려로 전환되는 마애불의 변화를 이해하는데 좋은 작품으로 평가되고 있다."
송정동석불입상,시도유형문화유산,대구 동구,"
			
	             
	                 
	                 
	                     대구 동구 송정동 363번지
	                 
	             
	         
	         
		",128.623591465283,35.9921112515892,"넓은 판석 모양의 화강암을 이용하여 돋을새김한 불상으로서, 훼손이 심하기는 하지만 단아하고 원만한 조각미를 지니고 있다.
 민머리 위에 상투 모양의 머리묶음이 큼직하고 귀는 긴 편이며, 얼굴은 윤곽이 부드러워 온화한 인상을 나타내고 있다. 옷은 양 어깨를 감싸고 있는데 몸매를 더욱 풍만하게 표현하고 있다. 양 손은 가슴 앞에 모으고 있는 듯하나 훼손이 심하여 자세히 알 수 없다. 
 사실적이고 균형잡힌 조각기법으로 보아서 통일신라시대의 작품으로 추정된다."
이공제비및군수이후범선영세불망비,시도유형문화유산,대구 수성구,"
			
	             
	                 
	                 
	                     대구 수성구 상동 182번지
	                 
	             
	         
	         
		",128.606619814532,35.8356643782024,"한 채의 비각 안에 나란히 서 있는 3기의 비이다.
 왼쪽에 있는 것은 이공제비로, 대구판관을 지낸 이서 선생의 치적을 기리기 위해 대구 주민들이 세운 것이다. 당시 대구는 하천이 중심부로 흘러 홍수 때마다 큰 피해를 당하였었다. 조선 정조 즉위년(1776) 대구판관으로 부임해온 이서 선생은 주민들의 어려움을 알고 1778년 자신의 재산을 털어 제방을 쌓아 물길을 돌리게 하였다. 홍수의 피해에서 벗어난 주민들은 물길을 돌려 새로 만든 냇물을 ‘신천 ’이라 부르고, 제방의 명칭도 ‘이공제 ’라 한 후 정조 21년(1797)에 이 비를 세워 그를 기리고자 하였다. 원래 수성교 서쪽 제방에 있던 것을, 여러 차례 장소를 옮겼다가 이곳에 자리를 잡았다.
 가운데에 있는 비는 옆의 이공제비가 초라하여 그의 업적을 영원히 기리는 의미로 순조 5년(1805)에 다시 세운 것이다.
 오른쪽에 서 있는 ‘군수이후범선영세불망비 ’는 광무 3년(1899)에 세운 비로, 고종 때 대구수령으로 있던 이범선의 공적을 기리고 있다. 1898년 큰 홍수가 일어나 이공제의 하류부분이 파손되어 대구읍성이 위험하게 되자, 이범선은 민폐를 끼치지 않는 범위내에서 빠른 기간에 보수공사를 완성하여 주민들의 근심을 덜어주었다. 이에 보답하고자 광무 3년(1899) 이곳 주민들이 비를 세워 이공제비와 함께 보호하고 있다.
 3기 모두 대구지방 수령을 지냈던 이들의 업적을 기리고자 주민들이 나서서 세운 것으로, 이들이 오늘날의 대구를 이루게 한 사람들이라는데 큰 의의를 지닌다."
선교사스윗즈주택,시도유형문화유산,대구 중구,"
			
	             
	                 
	                 
	                     대구광역시 중구 달성로 56 (동산동, 계명대학교동산의료원)
	                 
	             
	         
	         
		",128.584967870143,35.8675530287073,"대구에서 본격적인 선교활동이 이루어지던 1906년부터 1910년경에 건축된 사택으로, 스윗즈 여사를 비롯해 계성학교 4대 교장인 헨더슨, 계명대학교 초대학장인 캠벨 등의 선교사들이 거주했다.
 전통 한식과 양식의 조화가 잘 어우러진 건물로, 1736년 조선 영조대 대구읍성 축조때 사용된 성돌(城石 : 대구읍성 철거시 가져와 사용)로 바른층 쌓기 기초를 하고 그 위에 붉은 벽돌을 길이 쌓기와 1단 마구리로 쌓았다. 지붕은 한식 기와를 이은 박공지붕이었으나 함석으로 개조되었다가 다시 기와지붕으로 개조되었다.
 1981년 동산의료재단에서 인수하여 현재는 선교박물관으로 이용되고 있다.
 1층에는 각종 성경과 선교유물, 기독교의 전래 과정 등의 사진 자료와 2층에는 성막 모형 및 이스라엘 현지에서 구입한 구약 ㆍ신약 관련 소품들을 관람 할 수 있다."
선교사챔니스주택,시도유형문화유산,대구 중구,"
			
	             
	                 
	                 
	                     대구 중구 달구벌대로 2029 (동산동)
	                 
	             
	         
	         
		",128.585577813027,35.8672162800535,"선교사 Reiner가 살던 집으로 1910년경에 지어진 것으로 보인다. Reiner 후로 Chamness, Sawtell 등의 선교사가 살았고, (1984~1993)까지는 동산병원 의료원장인 H.F Moffett가 거주 하였었다. 현재는 의료박물관으로 활용되고 있다.
 남북으로 뻗은 긴 네모형으로 1층 내부에는 거실·서재·부엌·식당·계단 등이 있고, 2층에는 2개의 침실이 있다. 외부에는 나무로 된 현관과 베란다를 설치했으며, 지붕에는 2개의 붉은 벽돌로 된 굴뚝이 솟아있다.
 당시 우리나라에 거주했던 미국인의 건축·주거·생활 양식을 살펴볼 수 있는 건물이다."
선교사블레어주택,시도유형문화유산,대구 중구,"
			
	             
	                 
	                 
	                     대구 중구 달구벌대로 2029 (동산동)
	                 
	             
	         
	         
		",128.585694296957,35.8667880734024,"선교사인 블레어(Blair)와 라이스(Rice)가 살던 집으로 1910년경에 지어진 건물이다. 현재는 교육·역사 박물관으로 사용 되고 있다.
 붉은 벽돌로 지은 2층집이며, 남북방향으로 긴 형태이고 안의 건축재료를 일부분 바꾼 것 이외에는 건물의 형태와 구조는 잘 남아 있다. 지붕 위엔 붉은 벽돌로 된 굴뚝이 있고 건물 안의 바닥은 나무로 된 마루바닥이다. 1층에는 베란다·응접실·거실·침실·식당·부엌이 있고, 계단으로 연결된 2층에는 침실·욕실 등이 있다. 창문은 위 아래로 열 수 있게 되었으며, 현관의 베란다 윗부분에는 일광욕실이 있다.
 선교사 블레어 주택은 당시 미국의 주택모습을 살필 수 있는 좋은 건물이다."
탁영종택문적,시도유형문화유산,대구 남구,"
			
	         
	             대구광역시  남구
	         
		",128.5973627,35.8336903,"이 문적은 무오사화에 연루되어 희생된 탁영 김일손(1464∼1498) 선생과 부인에게 내린 교지 5종과 자계서원에서 의식이 있을 때 그 순서를 적은 글인 홀기 및 둔전답 등본이다.
 김일손은 김종직의 문인이며, 1486년 문과에 급제하여 여러 벼슬을 지낸 후 고향에 내려와 학문에 몰두하다가, 그 후 다시 벼슬길에 올라 이조정랑 등을 지냈다. 그러나 연산군 4년(1498) 무오사화 때 조의제문을 사초(史草)에 실은 것이 문제가 되어 능지처참의 형을 받았다. 그러나 중종반정이 있은 후 신원되어 홍문관 직제학을 추증받았으며, 이후 현종 때 도승지, 순조 때 이조판서에 추증되었다.
 이 문적은 그가 죽은 후 도승지, 이조판서에 추증한다는 내용의 교지와 나라에서 시호를 내리는 내용을 담은 교지 및 그의 두 부인을 정부인에 올린다는 교지 등이다. 홀기는 자계서원에서 봄,가을에 제사를 올릴 때 쓰던 것이며, 「둔전답 경자개양등록」은 서원의 전신인 자계사(紫溪祠)가 1578년 사액서원이 되면서 종전의 둔전답을 고쳐 만든 등본이다.
 한 개인의 가계사뿐만 아니라 당시의 사회상 연구에 귀중한 자료로 평가된다."
부인사부도,시도유형문화유산,대구 동구,"
			
	             
	                 
	                 
	                     대구 동구 신무동 356번지
	                 
	             
	         
	         
		",128.672665341756,35.9942241662389,"부인사 한켠에 자리하고 있는 승려의 사리탑이다. 
 통일신라시대 이후 가장 많이 사용된 양식으로, 4각의 바닥돌 위에 올려진 각 부분이 모두 8각의 평면을 기본으로 삼고 있다. 상 ·중 ·하 세 부분으로 이루어진 기단(基壇)은 아래받침돌의 윗면에 연꽃을 두르고, 옆면에는 4마리의 사자상을 도드라지게 새겼다. 가운데받침돌은 4면에 꽃무늬를 장식하고, 나머지면에는 동물상과 동자상을 두었다. 윗면이 넓게 퍼진 윗받침돌은 연꽃을 새겨 둘러 놓았다. 탑신(塔身)의 몸돌은 위아래를 오므려 놓아 배흘림기둥 모양을 하고 있으며, 한쪽 면에는 ‘은통당(隱通堂)’이라는 승려의 호가 적혀 있다. 지붕돌은 윗면의 여덟 모서리선과 기와골이 사실적으로 표현되어 있고, 모서리가 마무리되는 각 귀퉁이마다 꽃조각 대신 도깨비의 얼굴이 조각되어 있으며, 밑면에는 2중의 서까래를 새겨 겹처마를 표현하였다. 꼭대기에는 최근에 새로 만든 머리장식이 놓여 있다.
 전체적으로 각 부분의 비례가 어색하고, 조각기법도 간략화되어 섬세함이나 화려함이 부족하다. 이러한 형식적인 수법으로 보아 조선 중기의 것으로 보이나, 정확한 것은 ‘은통당’이라는 호를 쓴 승려가 누구였는지 밝혀져야 알게 될 것이다."
성모당,시도유형문화유산,대구 중구,"
			
	             
	                 
	                 
	                     대구 중구 남산로4길 112 (남산동)
	                 
	             
	         
	         
		",128.586241925679,35.8608508971263,"대구 천주교회 1대 교구장이었던 안세화 주교가 루르드 성모굴을 본 따 만든 성당이다. 1918년에 루르드 성모굴의 크기와 바위의 세부적인 형상까지 비슷하게 본따 만들었다.
 오른쪽 면의 뒷쪽이 안쪽으로 약간 꺾여 들어간 직사각형의 내부를 암굴처럼 꾸미고 그 위에 마리아상을 모셨다. 화강석으로 기초를 쌓고 흑색벽돌로 각 모서리의 버팀벽을, 나머지 벽은 붉은 벽돌을 사용하여 쌓았다.
 각 부분의 비례구성이 아름답고 벽돌의 짜임이 정교한 건물로 지금까지도 그 당시의 모습을 잘 간직하고 있다."
대구제일교회,시도유형문화유산,대구 중구,"
			
	             
	                 
	                 
	                     대구 중구 남성로 23 (남성로)
	                 
	             
	         
	         
		",128.589495504039,35.8683651912677,"경북지방에 처음 생긴 기독교회로, 선교사들이 이 지방을 개화시키기 위해 근대적 의료 및 교육을 전개했던 곳이다. 
 고종 32년(1895) 부산에 있었던 북장로교 선교본부가 대구로 옮겨지고, 광무 2년(1898)에 기와집 4동을 교회당으로 사용하였다. 계속해서 신도가 늘어 1908년에 재래양식과 서구 건축양식을 합작시킨 새로운 교회당을 지었다. 1933년 신도들의 헌금과 중앙교회의 성금으로 교회당을 새로 짓고 제일교회로 이름을 바꾸었다. 그 후 1937년 초 이주열 권사에 의해 높이 33m의 종탑이 세워졌고, 1969년에 내부공사를 하고 1981년에 건물 뒤에 156평의 성전을 늘렸다. 
 현재 이 건물의 전체적인 양상은 평면이 남북으로 긴 직사각형이고, 앞면 중앙에 현관을 두고 오른쪽에는 종탑을 세운 간결한 고딕 건물이다. 1층은 사무실·유치원·청소년 예배실로 사용하고, 2층은 전체를 예배실로 사용하고 있다.
 대구 제일교회는 대구의 수많은 교회 건물 중 가장 오랜 역사를 가졌고, 기독교가 근대화에 기여한 상징물로서 근대 건축사 연구에 귀중한 자료가 되고 있다."
월곡우배선임진왜란창의유록및관련문서,시도유형문화유산,대구 달서구,"
			
	             
	                 
	                 
	                     대구 달서구 상인로26길 65 (상인동)
	                 
	             
	         
	         
		",128.5478853,35.8170298,
도곡재,시도유형문화유산,대구 달성군,"
			
	             
	                 
	                 
	                     대구 달성군 하빈면 육신사길 62 (묘리)
	                 
	             
	         
	         
		",128.417277378631,35.9108400452149,"도곡재는 학생들의 공부를 위해 사용되던 집이다. 
 처음에는 조선 정조 2년(1778)에 대사성인 서정공 박문현이 살림집으로 세운 건물이나, 정조 24년(1800) 경에 도곡 박종우의 공부방으로 사용되면서 그의 호를 따서 도곡재라는 이름을 붙였다. 
 앞면 4칸·옆면 1칸 규모이며, 후대에 퇴칸을 달고 대청을 넓혀 누(樓)처럼 꾸몄다. 
 도곡재는 태백산지역 살림집의 일반적인 구조를 가지고 있는 소박한 건물이다."
효종어전희우시회인물도,시도유형문화유산,대구 달성군,"
			
	             
	                 
	                 
	                     대구 달성군 가창면 가창로126길 36 (대일리)
	                 
	             
	         
	         
		",128.6518756,35.7694054,"시를 짓고 있는 사람들의 광경을 그린 인물도이다. 
 조선 효종 4년(1653) 가뭄이 오래 계속되어 왕이 친히 기우제를 지내니 단비가 내렸다. 이를 기념하고자 13인의 홍문관 옥서신을 불러 모아놓고 ‘희우(喜雨:비가 내리니 기쁘다)’라는 제목으로 시제를 정하여 시를 짓게 하였다. 서변이라는 사람이 이 모임에서 장원을 하여 마안 1부, 호피 1령, 호초 5근을 하사품으로 받았다.
 이 그림은 이러한 기록과 함께 그 광경을 한폭의 그림으로 나타낸 것으로, 크기는 가로 63㎝, 세로 57.4㎝ 이다.
 그림의 필자는 알려지지 않았으나, 당시 이름난 화가였거나, 홍문관에서 일했고 문인화가이기도 했던 김휘가 아닌가 추측된다. 채색화로서 인물과 문방구 등을 섬세하게 묘사하였으며, 격조 높은 화풍은 조선 중기의 인물화 연구에 귀중한 자료가 된다."
남지장사 청련암,시도유형문화유산,대구 달성군,"
			
	             
	                 
	                 
	                     대구 달성군 가창면 남지장사길 127 (우록리)
	                 
	             
	         
	         
		",128.630407026678,35.7345192591493,"남지장사는 통일신라 신문왕 4년(684)에 양개조사가 세운 절이라고 전한다.  조선시대에 고승 무학대사가 수도한 곳이기도 하며, 사명대사가 임진왜란 때 승병들의 훈련장으로 사용하기도 하였다. 그 뒤 임진왜란 때 불탔던 것을 효종 4년(1653) 인혜대사가 청련암과 함께 다시 세웠으나, 순조 6년(1806)에 또 화재를 2년 뒤 다시 세웠다고 한다.
 청련암은 법당과 생활공간의 기능을 겸한 특이한 평면을 가진 건물로, 앞면 3칸·옆면 2칸 규모이다. 그러나 실제로 법당의 기능보다 강당의 기능을 가진 건물로 ‘인법당’으로도 부르고 있다. 
 남지장사 청련암은 부분적으로 옛 건축수법을 간직하고 있는 소박한 구조의 건물이다."
달성 용봉동 석불입상,시도유형문화유산,대구 달성군,"
			
	             
	                 
	                 
	                     대구광역시 달성군 유가읍 용리 산 1
	                 
	             
	         
	         
		",128.525096915035,35.6835862961988,"대구에 있는 비슬산(琵瑟山) 일원에는 신라시대 이래의 많은 불교 유적이 산재해 있는데 용봉동 석불입상이 있는 곳도 그 중의 하나이다. 높이 2.8m의 화강암을 이용하여 한쪽면에 광배(光背)와 불상을 조각한 것으로 왼손에 약항아리를 들고 있어 약사불을 형상화한 것임을 알 수 있다.
 민머리에 상투 모양의 머리묶음이 큼직하게 솟아 있으며, 얼굴에는 풍만한 인상이 나타나 있다. 부처의 몸에서 나오는 빛을 형상화한 광배는 배(舟)모양으로 원형의 머리광배와 가는 타원형의 몸광배를 도드라진 선으로 나타내고 있다.
 불상과 광배에 표현된 조각기법은 통일신라 후기의 수법을 계승한 것으로 보인다."
달성 하목정,시도유형문화유산,대구 달성군,"
			
	             
	                 
	                 
	                     대구 달성군 하빈면 하산리 1043-1번지
	                 
	             
	         
	         
		",128.39815653059,35.8822728966279,"임진왜란 때의 의병장 낙포 이종문이 조선 선조 37년(1604)에 세운 정자이다. ‘하목정’이라는 정자의 이름은 왕위에 오르기 전에 이곳에서 잠깐 머물렀던 인조(재위 1623∼1649)가 훗날 낙포의 첫째 아들인 이지영에게 직접 써준 것이다. 또한 일반 백성들의 주택에는 서까래 위에 덧서까래인 부연을 달지 않는 것이 일반적인 일이지만, 인조가 명령하여 이 집에는 부연을 달았다고 한다.
 앞면 4칸·옆면 2칸 규모이며, 지붕 옆면이 여덟 팔(八)자 모양인 팔작지붕집이다. 사랑채로 이용되었던 이 집은 전체적으로 T자형 구조로 되어있어서 처마곡선도 부채 모양의 곡선으로 처리되었다. 내부에는 김명석·남용익 등 많은 유명인들이 쓴 시가 액자가 걸려있다."
명심보감판본,시도유형문화유산,대구 달성군,"
			
	             
	                 
	                 
	                     대구 달성군 화원읍 인흥2길 26 (본리리)
	                 
	             
	         
	         
		",128.5154518,35.7893083,"이 판본은 추계 추씨인 추적 선생(1246∼1317)이 편저한 것이다. 추적은 고려 원종 2년(1261) 문과에 올라 민부상서 예문관제학을 지냈다. 
 『명심보감』은 공자 등 제자백가의 책과 시부 가운데서 쉽고 생활에 기본이 되는 내용을 골라 엮은 책인데, 이것은 국가에서 세운 학교의 학생들에게 심성수양의 기본서로 삼기 위함이었다. 
 현재 전하는 것은 고종 6년(1869) 추세문이 출판한 인흥재사본이 전수되어 국역 출판됨으로써 가정, 학교에서 교육용으로 널리 쓰여왔다. 이것은 총 31장으로 인흥서원의 목판이 유일하다. 
 이 판목은 중국, 일본에도 널리 보급되었으며, 영문으로도 번역되어 한국학 연구의 자료로 사용되기도 한다."
이철견신도비,시도유형문화유산,대구 달성군,"
			
	             
	                 
	                 
	                     대구광역시 달성군 옥포읍 교항리 2963
	                 
	             
	         
	         
		",128.440558103064,35.7785937406143,"이 비는 조선 성종 때의 공신인 이철견 장군의 신도비이다. 신도비는 임금이나 공신의 생애를 기록하여 그의 묘 앞에 세운 비석이다. 조선시대에는 정2품 이상의 관직을 지낸 사람에게 세워주어 그 생애를 기리도록 했다. 이철견(1435~1496)은 세조비 정희왕후의 언니의 아들이였고 세조에서 연산군 사이에 의금부사, 오위도청 부총관, 호조판서, 경상도 관찰사, 한성판윤 등을 지냈으며 이시애의 난을 평정하는데도 공을 세웠다.
 비석의 받침돌은 화강석이고, 비석의 몸 돌과 비석의 머리돌은 하나의 대리석으로 되어 있다. 머릿돌은 지붕모양으로 조선전기 신도비의 전형적인 양식을 보여주는 좋은 금석 자료이다. 1497년(연산군 3)에 건립한 이 비석은 홍귀달이 비문을 짓고 안침이 글씨를 썼다. 본래 서울 봉천동에 있던 것을 1969년에 도시계획 관계로 현재의 위치로 옮겨 온 것이다."
망우당선생문집책판(부)창의록책판,시도유형문화유산,대구 달성군,"
			
	         
	             대구광역시  달성군
	         
		",128.4682422,35.6556946,"『 망우당선생문집』책판은 임진왜란 때 최초로 의병을 일으켜 전공을 세운 곽재우의 시문과 연보 및 부록 등을 판각한 것이다. 이 책판은 3차에 걸쳐 내용을 고치고 첨가하여 간행되었는데, 이것은 3차에 해당되는 것으로 영조 47년(1771)에 간행된 것이다.
부록인 창의록책판은 임진왜란 당시 곽재우가 의령에서 의병을 일으킬 때 함께 참여한 사람들의 명단인 『용미음미록』 과 정유재란 때 곽재우와 함께 창녕의 화왕산입성을 방어했던 경상도 의사들의 명단인 『화왕산성동고록』 및 『화왕수성각』등을 판각한 책판이다. 곽원갑 등이 편집하고 저술하여 영조 8년(1732)에 경상감사 조현명에게 서문을 받고, 영조 10년(1734)에 경상감사 김시형에게 서문을 받았다.
 이것은 임진왜란사 연구에 있어 특히 경상도 지역의 활약을 연구하는데 귀중한 자료이다."
존재선생실기책판,시도유형문화유산,대구 달성군,"
			
	         
	             대구광역시  달성군
	         
		",128.4682422,35.6556946,"이 책판은 임진왜란 때 장렬히 싸우다가 전사한 존재 곽준에 대한 기록을 새긴 것이다.
 곽준은 곽재우의 당숙이며, 선조 27년(1594)에 안응현감이 되어 황석산성을 지키다가 성이 함락되자 가족과 함께 전사하였다. 그가 죽은 후 병조참의에 증직되었고, ‘충렬’이란 시호가 내려졌다. 
 본 실기는 숙종 21년(1695)에 편찬되었고, 전해지는 책판은 영조 42년(1766)에 판각되어 예연서원 장판각에 보존되어 있다. 
 이것은 임진왜란사 연구에 있어 특히 경상도 지역의 활약을 연구하는데 귀중한 자료이다."
용연사 극락전,시도유형문화유산,대구 달성군,"
			
	             
	                 
	                 
	                     대구광역시 달성군 용연사길 260 (옥포읍, 용연사)
	                 
	             
	         
	         
		",128.519694188882,35.7478060797228,"비슬산 용연사는 통일신라 신덕왕 원년(912)에 보양국사가 처음 지었다고 전한다. 조선 세종 1년(1419)에 천일대사가 다시 지었고, 임진왜란으로 불탄 것을 여러 해에 걸쳐 다시 지었다. 이렇게 지어진 건물은 200여 칸이 넘고 승려도 500여 명이나 되는 큰 절이었다고 한다.
 아미타불을 모신 극락전은 영조 4년(1728)에 다시 지었다. 앞면 3칸·옆면 3칸의 규모이며, 지붕 옆면이 사람 인(人)자 모양인 간결한 맞배지붕집이다. 지붕처마를 받치면서 장식을 겸하는 공포는 기둥 위와 기둥 사이에도 배치된 다포 양식으로 조선 후기 건축 양식을 잘 보존하고 있는 건물이다."
대견사지 삼층석탑,시도유형문화유산,대구 달성군,"
			
	             
	                 
	                 
	                     대구광역시 달성군 유가읍 용리 산 1-1
	                 
	             
	         
	         
		",128.528462491369,35.6954732632049,"비슬산 중턱의 옛 절터에 남아 있는 탑이다. 
 높은 벼랑 끝에 서 있는 이 탑은 2층 기단(基壇) 위에 3층의 탑신(塔身)을 올린 모습으로, 절내의 여러 석재들과 더불어 쓰러져 있던 것을, 1988년에 겨우 복원한 것이다. 일반적인 탑과 달리 절벽의 높은 바위를 바닥돌 삼아 그 위로 기단과 탑신을 올려놓았다. 기단과 탑신의 몸돌에는 모서리마다 기둥모양의 조각을 둔 것 외에는 거의 꾸밈을 하지 않아 소박하다.
 만들어진 시기는 절의 창건과 때를 같이하는 9세기 통일신라시대로 추측된다. 오랜 세월 무너져 있었으면서도 당당함을 잃지 않고 오히려 주변 산세를 다스리고 있는 듯한 위엄이 우러난다."
샬트르성바오로수녀원성당,시도유형문화유산,대구 중구,"
			
	             
	                 
	                 
	                     대구 중구 남산로4길 111 (남산동)
	                 
	             
	         
	         
		",128.585525520348,35.8621110982644,"1927년 초대 천주교대교구장인 Demange 주교가 샬트르 성바오로 수녀원 코미넷관 우측면의 아케이드(arcade)에서 북쪽으로 이어 증축한 성당건물이다.
 남북으로 긴 장방형의 평면을 가진 소규모 성당건물로 건축 당시 북쪽으로 5각형의 제단과 남쪽 아케이드에 있는 주 출입구 안쪽 2층에 성가대석이 있었다. 전체 외벽은 화강석 기초 위에 붉은 벽돌을 사용하였고 외벽의 붙임기둥에는 회색 벽돌을 쌓아 외관을 구성하였다. 내부 천장은 아치형 천장이며, 외벽의 창호는 첨두아치창을 설치하였다. 지붕은 함석판 거멸접기로 마감한 박공지붕의 형태로 되어 있다.
 대구에 현존하는 근대 서구양식 건물들 중에서 보존상태가 양호할 뿐만 아니라 당시의 성당 건축의 양식적 특징과 한국근대건축사의 양식적 흐름을 대표하는 중요한 건물로 평가된다. 또한 대구 천주교 역사의 한 장을 담당하고 있는 역사적 의미를 가진 건물이라고 할 수 있다."
남산초등학교강당,시도유형문화유산,대구 중구,"
			
	             
	                 
	                 
	                     대구 중구 남산로 70 (남산동)
	                 
	             
	         
	         
		",128.582708334421,35.8631851287218,"1936년 일제 강점기에 지은 대구 남산정 공립보통학교의 강당 건물로 현재까지 당시의 건물 유형과 특징이 잘 보존 유지되고 있다. 
 전체적으로 붉은 벽돌쌓기 단층건물로 지붕은 4각형의 석면 슬레이트를 마름모꼴로 덮었으며, 남쪽 정면 출입구의 현관을 중심으로 좌우 대칭을 이루고 있다. 평면은 장방형으로 4면에 출입구를 두고 있으며 서쪽 정면 출입구 맞은 편에 무대(강단)와 준비실을 두고 있다. 벽면은 콘크리트 줄기초 위에 붉은 벽돌을 쌓아 벽체를 구성하였으며 창문이 설치되는 부분에 벽돌을 1단 들여쌓기하여 벽면을 분할하였다. 벽 상부에는 네모난 서까래 모양의 장식물을 부착하였다.
 학교의 본관과 중관은 철거되고, 강당건물만 보존되어 있는 상태이나 이 건물은 일제 강점기하의 건축적 상황을 살펴볼 수 있는 역사적 자료로서 귀중한 가치가 있다."
계성학교아담스관,시도유형문화유산,대구 중구,"
			
	             
	                 
	                 
	                     대구 중구 달성로 35 (대신동)
	                 
	             
	         
	         
		",128.581097047255,35.8673369226687,"대구 최초의 선교사인 아담스(Adams)가 미국 선교부로부터 건축비를 지원받아 1908년에 건립한 영남 최초의 양옥(洋屋) 교사(校舍)이다.
 건축의 설계는 아담스 선교사가 직접하고 건축공사는 그의 감독하에 중국인 벽돌공과 일본인 목수들이 담당하였다 한다. 이 건물에 사용된 창호 재료, 유리, 위생, 난방시설 등은 미국에서 가져왔고, 붉은 벽돌과 함께 쌓은 석재는 대구 읍성을 철거한 성돌이다.
 외관은 정면 중앙에 돌출된 종탑을 중심으로 좌우 대칭을 이루고 있으며 지붕은 박공지붕에 동기와를 이었다. 벽체는 붉은 벽돌과 함께 안산암으로 조적하고 종탑의 하단부는 인조석 버팀기둥과 반원아치의 아케이드를 설치하였으며 종탑부의 창문은 3심원아치, 교실부는 결원아치로 구성하였다. 따라서 이 건물은 지붕형태에서는 우리나라의 전통적인 요소가 느껴지며, 벽면구성은 서구의 고딕적인 분위기를 자아내고 있다.
 양옥교사라는 역사적 의미 외에도 대구의 개신교사와 당시의 건축상황을 잘 보여주고 있으며 특히 한·양 절충의 구성수법, 외관구성 및 벽돌 조적법 등 건축사 연구의 자료적 가치를 담고 있는 귀중한 건물로 평가된다."
계성학교맥퍼슨관,시도유형문화유산,대구 중구,"
			
	             
	                 
	                 
	                     대구 중구 달성로 35 (대신동)
	                 
	             
	         
	         
		",128.580746717577,35.8677937129242,"계성학교 제2대 교장이었던 라이너(Reiner) 선교사가 미국에 있던 맥퍼슨(McPherson)에게 자금 지원을 받아 1913년 9월에 건립한 건물이다.
 건물의 설계는 아담스(Adams)와 라이너 선교사가 하고 건축공사는 중국인 벽돌공과 일본인 목수들이 담당하였다 한다.
 이 건물은 계성학교아담스관의 북쪽에 동향으로 배치된 붉은 벽돌조 2층 건물로, 정면 중앙의 주 출입구에 설치된 사각탑을 중심으로 좌우대칭을 이루며, 지붕은 모임지붕에 한식기와를 이었다. 외관은 대구 성돌을 바른층 쌓기한 기초 위에 붉은 벽돌을 쌓아 벽체를 구성하였으며 층간에는 수평돌림띠를 돌리고 반원 아치창을 설치하였는데 창의 밑인방은 3단 내쌓기로 물흘림 경사를 두었다.
 맥퍼슨관은 한·양 절충의 건물로 한·양 절충의 변화 과정 등을 살필 수 있어 건축사 연구의 자료적 가치를 담고 있다."
계성학교핸더슨관,시도유형문화유산,대구 중구,"
			
	             
	                 
	                 
	                     대구 중구 달성로 35 (대신동)
	                 
	             
	         
	         
		",128.580653015862,35.867427555154,"계성학교 제4대 교장이었던 핸더슨이 블레어 선교사가 미국에서 염출한 자금으로 1931년 건립한 건물이다.
 건물의 설계는 핸더슨이, 건축공사는 핸더슨 교장의 감독하에 학생들이 기초공사를 하고, 상부공사는 중국인 조적공과 일본인 목수들이 담당하였다 한다.
 이 건물은 건축 당시 붉은 벽돌조 2층이었으나 1964년 3층으로 증축하면서 건물 내부에 철근콘크리트 기둥을 세우고 바닥을 슬라브로 개조하였다.
 핸더슨관은 르네상스적 분위기를 느끼게 하는 고딕풍의 학교 건물로 지금까지 원형을 비교적 잘 보존하고 있고, 건물이 갖는 역사적 의미뿐만 아니라 서구 건축의 유입과정, 외관 구성수법 등을 살필 수 있는 건축사 연구의 중요한 자료적 가치를 담고 있다."
구대구상업학교본관,시도유형문화유산,대구 중구,"
			
	             
	                 
	                 
	                     대구 중구 대봉로 260 (대봉동)
	                 
	             
	         
	         
		",128.601139221353,35.8617907030648,"구 대구공립상업학교의 본관으로 건축된 건물로 ‘一’자형의 붉은 벽돌쌓기 2층 건물이다.
 정면 중앙의 돌출된 포치를 중심으로 좌우대칭의 형태이며, 평면은 편복도식의 교사로 정면 중앙의 포취와 연결된 중앙의 계단 홀을 중심으로 좌우에 교실을 두었다. 계단실 배면에 부 출입구를 두어 건물 배면으로도 출입할 수 있게 했다.
 근년에 건물 내부의 칸막이벽 창호, 마감재 등이 일부 바뀌었지만 건물 전체의 형태 및 내부구조는 당시의 모습을 잘 간직하고 있다.
 대구 지역 상업교육의 요람이라는 역사적 의미와 건물의 외관 구성 및 형태 요소의 채용 수법 등에서 당시의 건축적 상황과 서양건축의 유입과정을 살필 수 있는 건축사 연구의 자료적 가치를 담고 있다."
한국산업은행대구지점,시도유형문화유산,대구 중구,"
			
	             
	                 
	                 
	                     대구광역시 중구 경상감영길 67 (포정동, 대구근대역사관)
	                 
	             
	         
	         
		",128.591104528942,35.871764675736,"1932년 조선식산은행 대구지점으로 건립되었으며 1954년부터 한국산업은행 대구지점으로 이용되었다.
 2층 철근콘크리트조 건물로 남측 도로인 서문로에 면하여 남향 배치되어 있다. 남측과 서측의 출입구를 중심으로 대칭을 이루고 있으며 외관은 크게 상부와 하부의 재질을 다르게 함으로써 구성상의 다양성을 추구하였다. 하부벽은 화강석 다듬돌을 쌓아 구성하였고 상부벽은 흰색 타일 붙임을 하여 구성하였다. 도로에 면하는 남쪽과 서쪽의 창 사이의 벽은 돌출시켜 기둥처럼 만들고 건물 양 모서리와 각 기둥의 주두를 몰딩으로 장식하였다. 기둥 위에는 나뭇잎 모양을 양각한 사각형의 부조 장식판을 붙였다.
 전체적으로 단순하게 처리한 정면부의 장식과 수평선을 강조한 지붕 슬라브의 처리 등을 보아 르네상스 양식의 원형이 잘 남아있으며, 내부 칸막이벽 마감재 등이 다소 바뀌긴 했으나 건물 전체의 형태는 당시 모습을 잘 유지하고 있다.
 대구광역시가 2008년 대구도시공사로부터 기증 받아 2011년부터 대구근대역사관으로 운영되고 있다."
유가사석조여래좌상,시도유형문화유산,대구 달성군,"
			
	             
	                 
	                 
	                     대구 달성군 유가면 유가사길 161 (양리)
	                 
	             
	         
	         
		",128.506278,35.7123083,"유가사에 모셔져 있는 이 불상은 불상과 대좌가 모두 같은 석질의 화강암으로 조성된 것으로, 얼굴 전면과 양 무릎을 시멘트로 보수하였으나 그 외의 부분은 비교적 옛 모습을 잘 보존하고 있다.
 머리에는 작은 소라 모양의 머리칼을 붙여 놓았으며, 정수리 부근에는 상투 모양의 머리인 육계가 높이 솟아 있다. 얼굴 모양은 갸름한 달걀형으로 목에 있는 세 개의 주름인 삼도(三道)는 뚜렷하지 않다. 어깨는 각이 지고 힘이 들어가 있으며, 가슴은 양감있게 돌출되었다. 법의는 오른쪽 어깨를 드러내고 왼쪽 어깨만을 감싼 우견편단으로, 상반신은 그 유래를 볼 수 없을 정도로 가슴을 크게 열었다. 손 모양은 항마촉지인을 결하였는데 왼손은 길상좌를 하고 있는 오른발 위에 올려 놓고 있으며 결가부좌한 다리에는 법의 주름이 잘 표현되어 있다.
 이 불상은 형태면에서 석굴암 본존상과 같은 계열의 불상으로 볼 수 있으나, 불상의 어깨가 좁아지고 가슴의 탄력이 감소되는 등의 변화를 볼 수 있으며 대좌도 방형으로서 10세기 이후의 유행을 반영한 것으로 이 불상의 연대를 추정하는 단서를 제공하고 있다."
옻골경주최씨백불암파종가소장전적,시도유형문화유산,대구 동구,"
			
	             
	                 
	                 
	                     대구 동구 옻골로 195-5 (둔산동)
	                 
	             
	         
	         
		",128.6868034,35.9081329,"옻골 경주최씨 백불암파 종가에 소장되어 있는 전적들로, 모두 2종 664점이다.
 이 가문은 경주최씨 광정공파로서 조선후기 대구지역을 대표하는 명문가이다. 특히 18세기 중반 영남유림을 대표하는 대학자였던 백불암 최흥원 이후부터는 영남의 명문가로 자리잡았다. 이 가문의 대구 입향조는 최흥원의 11대조인 맹연이며 이후부터 지묘동, 도동, 옻골 등지에 세거해왔다. 옻골에 입향한 것은 백불암의 5대조인 동집 때로 그는 네 아들을 두었으나 맏아들 자손만이 옻골에 세거하고 나머지 자손은 모두 외지로 나갔다.
 현재 이 가문에서 소장하고 있는 이 문서는 조선후기 대구지역 재지사족의 존재형태를 알려주는 중요한 자료들이다. 특히 최흥원의 55년간에 걸친 역중일기와 부인동향약에 관한 자료 등은 그 내용이 현실성·구체성·정확성을 가지고 있어 관찬 사료의 미비점을 보완하고 나아가 해당시대의 사회경제적 이면상을 이해하는 데 중요한 자료적 가치가 있는 것으로 평가된다."
동화사아미타후불탱,시도유형문화유산,대구 동구,"
			
	             
	                 
	                 
	                     대구광역시 동구 동화사1길 1 (도학동)
	                 
	             
	         
	         
		",128.7036904,35.9933036,"동화사 아미타후불탱 및 좌우각부탱 3점은 숙종25년(1699)에 조성된 것으로 3폭이 1축으로 드물게 볼 수 있는 작품이다. 아미타불을 중심으로 좌측에는 관세음보살, 문수보살, 가섭불, 준제보설, 미륵보살을 배치하고 우측에는 대세지보살, 보현보살, 미륵존불, 지장보살, 제화갈라보살을 배치하였다.
 이 불화들은 조선중기 불화의 특징을 갖추고 있고 색채가 우아하고 짜임새가 있으며 기법이 섬세하여 조선중기 회화연구에 중요한 자료적 가치를 지니고 있다."
동화사보조국사진영,시도유형문화유산,대구 동구,"
			
	             
	                 
	                 
	                     대구광역시 동구 동화사1길 1 (도학동)
	                 
	             
	         
	         
		",128.7036904,35.9933036,연대가 미상이나 제작기법 등을 참작할떼 순치(順治)년간으로 추정된다. 이 진영은 고졸하고 단아한 조선중기 초상화의 특징을 유감없이 발휘한 명작으로 평가된다.
대암선생문집책판,시도유형문화유산,대구 달성군,"
			
	             
	                 
	                 
	                     대구광역시 달성군 구지면 창리서로2길 9-51
	                 
	             
	         
	         
		",128.4070513,35.6580227,"대암선생문집 책판은 조선중기 문신인 大庵 朴惺(1549-1606) 선생의 문집인『大庵集』의 목판으로, 대암선생 사후 선생이 지은 글을 모아 숙종 5년(1679) 李元禎이 序를 지었으며 대암의 증손 世熙에 의하여 편집, 간행되었다. 문집은 6권 4책이며 권1(目錄·詩), 권2(祭文·雜著), 권3(書·墓誌銘), 권4(疏), 권5(行狀·輓詞·祭文), 권6(祭文·墓碑銘)으로 구성되어 있다. 
 이 목판은 17세기말 판각된 이후 결판됨이 없이 원형을 잘 보존하고 있으며 목판의 주인공 박성이 임진왜란 때 김성일, 이원익과 함께 활약한 것에서 볼 때 당대 명현들의 사상과 조선중기의 정치·사회상을 연구하는데 중요한 자료로 평가된다."
군위삼존석굴석조비로자나불좌상,시도유형문화유산,대구,"
			
	         
	             대구광역시  
	         
		",128.597274752899,36.2354428671877,"군위 삼존 석굴 석조 비로자나불 좌상은 삼존 석불이 모셔진 이후인 9세기 경에 만들어졌다. 당시에 유행하던 신라 비로자나불상의 전형적인 모습을 하고 있기 때문에 불상의 변천과 신앙 추이를 확인할 수 있다.
 불상은 *결가부좌를 하고, *통견식의 법의를 입고 있다. 양쪽 어깨에 법의가 조금씩 걸쳐져 있어 앞가슴이 넓게 드러나 있다. 두 팔을 타고 내려온 옷 주름은 두 무릎에서 다시 물결무늬를 만들고 있다. *수인(手印)은 지권인이며 목에는 삼도가 있다. 두 뺨은 풍만하며 귀가 길게 늘어져 있고, 머리는 소라 껍데기처럼 말린 모양이며, *육계는 편평하다. 원래는 파괴된 *대좌와 함께 지금의 위치에서 약 30m 북쪽에 있었으나, 1990년 대웅전을 늘려 지으며 대좌와 불단을 새로 만들고 옮겼다.

* 결가부좌 : 부처님이 좌선할 때 앉는 방법의 하나.
* 통견 : 가사를 입는 방법의 하나로 양 어깨를 모두 덮는 형태.
* 수인 : 불상이나 보살의 서원을 나타내는 손의 모양.
* 육계 : 부처의 정수리에 상투처럼 우뚝 솟아 오른 혹과 같은 모양.
* 대좌 : 불상을 안치하는 대."
신숭겸장군유적,시도기념물,대구 동구,"
			
	             
	                 
	                 
	                     대구광역시 동구 신숭겸길 17 (지묘동, 신숭겸장군유적지)
	                 
	             
	         
	         
		",128.640613629151,35.9443806098992,"고려의 개국공신인 신숭겸을 기리는 유적이다.
 신숭겸(?∼927)은 평산 신씨의 시조로서, 918년 배현경, 홍유, 복지겸 등과 함께 궁예를 몰아내고 왕건을 추대하여, 고려의 건국에 이바지한 인물이다. 고려 태조 10년(927) 대구 공산에서 후백제 견훤의 군대와 싸우다가 태조가 적군에게 포위되어 위급해지자, 태조의 옷을 입고 변장하여 맞서다가 전사하였다.
 태조는 그의 죽음을 애통히 여겨 그의 시신을 거두어 광해주(지금의 춘천)에 묻고 순절단, 지묘사, 미리사를 세워 명복을 빌었다.
 조선 선조 40년(1607)에 경상도관찰사 유영순이 지묘사의 자리에 표충사를 지어 신숭겸을 모셨으며, 후에 이 서원에 사액을 내려 관리하였다. 고종 8년(1871)에 서원철폐령으로 표충사가 없어지자, 후손들이 표충재를 새로 지어 지금까지 내려오고 있다."
건들바위(대구입암),시도기념물,대구 중구,"
			
	             
	                 
	                 
	                     대구 중구 대봉2동 735-28번지
	                 
	             
	         
	         
		",128.598293910305,35.8567714702734,"건들바위와 주변 단애(斷崖, 깍아지른 든한 낭떠러지)는 대구분지를 관통해 흐르는 신천(지류인 대구천)에 의하여 구릉 일부가 침식된 것으로서 대구의 지반을 구성하는 중생대 퇴적암의 특징을 잘 보여주고 있다. 현재 노출된 단애는 퇴적의 층위를 깨끗하게 나타내고 있고, 단애 주변 건들바위는 퇴적암층의 절리에 따라 침식되어 암벽 본체에서 떨어져 나와 형성된 것이다.
건들바위라는 이름이 언제부터 생긴 것인지 확실치는 않으나, 서 있는 모습이 불안하게 보여 인근 주민들은 건들바위라고 부르게 되었다고 한다. 조선시대 뿐만 아니라 근대까지만 해도 이곳에 무당들이 제사장으로 이용되기도 했는데, 특히 아기를 갖지 못하는 부인들이 치성을 드리면 효험이 있다고 하여 많이 찾았다.
20세기 전기까지만 해도 대구천은 건들바위 앞으로 흘렀으나, 이후 지속적인 개발로 인해 물길은 사라지고 현재와 같이 복개된 상태로 남게 되었다. 과거에는 건들바위 앞으로 물이 흘러 수려한 풍광을 보이는 명소였다고 한다. 또한 건들바위는 입암으로 불리어 서거정(1420~1488)이 지은 대구십영(大丘十詠) 중 입암조어(笠巖釣魚) 시제가 되었던 자연경관이기도 하다. 
다만 최근에는 입암이라는 명칭에 대해 삿갓바위(笠巖)가 아닌 선바위(立巖)으로 보는 견해도 있다."
부인사지,시도기념물,대구 동구,"
			
	             
	                 
	                 
	                     대구 동구 신무동 356번지 일대
	                 
	             
	         
	         
		",128.67266007736,35.9938505895275,"부인사는 신라 선덕여왕의 명복을 빌던 법당으로 ‘부인(夫人)’이란 선덕여왕을 말하는 것이라고 한다.
 원래 이곳은 부처의 힘으로 외침을 막고자 새긴 고려 초조대장경판을 보관하던 곳이었으며, 고려 무신집권에 항거해 일어나 승려들의 본거지이기도 하였으나, 고려 고종 19년(1232) 몽고 침입으로 불타 없어졌다.
 이 절터에는 축대, 초석, 당간지주 등 당시의 석조물이 많이 남아 있고, 주변에는 건물초석, 석탑, 석등들이 흩어져 있다. 이 석조물들은 당시 부인사의 규모을 알려주는 자료이다."
봉무토성,시도기념물,대구 동구,"
			
	             
	                 
	                 
	                     대구 동구 봉무동 산26,27
	                 
	             
	         
	         
		",128.639042685191,35.9286344913399,"토성이 있는 곳의 서남쪽은 금호강에 접한 높은 절벽이며, 동북쪽의 일부만 제외하고는 전면에 가파른 경사가 형성되어 있다.
 토성의 둘레는 약 350m 정도인데, 성벽의 높이와 너비가 소규모여서 군사적인 목적보다는 도피용 산성으로 판단된다. 토성의 남동쪽으로 약1㎞ 떨어진 낮은 구릉에는 봉무동 무덤들과 불로동 무덤들이 있고, 금호강을 사이에 두고 검단동 토성과도 연결되고 있다. 이를 통해 볼 때 이곳에는 팔공산과 금호강을 배경으로 하는 대규모의 집단이 형성되어 있었고, 이들 세력이 봉무토성을 축조하였을 것으로 생각된다.
 성내에서 발견된 토기 조각들로 볼 때 3∼4세기경인 삼국시대의 토성으로 보인다."
용암산성,시도기념물,대구 동구,"
			
	             
	                 
	                 
	                     대구 동구 도동 산35,36
	                 
	             
	         
	         
		",128.676379166318,35.9249770266435,"용암산성은 해발 380m의 산꼭대기에 가파른 경사를 이용하여 쌓은 성으로, 안심과 하양으로 이어지는 통로상에 있어, 지형상 중요한 군사적 요충지였던 것으로 짐작된다.
 성벽의 둘레는 약 1㎞이며, 성의 서쪽과 남쪽의 산기슭에서 능선으로 이어지는 완만한 경사지에는, 인공적으로 절벽을 만들어 적의 침입에 대비하였다. 절벽 앞에는 문터로 보이는 입구가 있으며, 성 안의 동북쪽에는 우물터가 있다. 성 안에서 신라 토기조각들이 발견되는 점으로 미루어, 삼국시대에 만들어진 성으로 추측된다. 임진왜란 때 대구지방의 의병들이 이 성에 모여 활동했다는 것으로 보아, 삼국시대부터 그 후대까지 계속 사용한 것으로 여겨진다."
팔거산성,시도기념물,대구 북구,"
			
	             
	                 
	                 
	                     대구 북구 노곡동 산1번지
	                 
	             
	         
	         
		",128.56934308015,35.9251327668586,"대구광역시 북쪽 팔공산의 지맥 끝자락에 위치한 산성으로, 성안에 평지와 계곡을 품고 산꼭대기를 둘러 쌓았다. 산의 생김새가 함지를 엎어놓은 것과 비슷하여, 이 산을 함지산 또는 방티산이라 부르기도 한다.
 해발 300m가 넘는 가파른 경사를 이용하여 흙과 잡석을 섞어 쌓았다. 산성의 서쪽 기슭 아래에 4∼5세기경에 만들어진 무덤들이 흩어져 있는 것으로 보아, 팔거산성 역시 이 무덤을 쌓은 세력 집단에 의해 만들어진 것으로 짐작된다."
대덕산성,시도기념물,대구 남구,"
			
	             
	                 
	                 
	                     대구 남구 대명동 산224, 226, 227
	                 
	             
	         
	         
		",128.579598057826,35.8209716448562,"대덕산성은 대구광역시 남구 대명동에 있는 대덕산 정상에서 북쪽의 안지랭이 계곡을 감싸며 쌓은 포곡식 산성으로 ‘앞산산성 ’이라고도 부른다. 포곡식 산성은 성곽이 하나 또는 여러 개의 계곡을 감싸고 축성된 것으로, 장기간 전투에 사용하기 위해 쌓은 성을 말한다.
 옛 기록에 의하면 성불산의 옛 성이 수성현에 있었으나, 지금은 산의 능선과 비탈부근에 깬 돌로 성을 쌓은 흔적만이 남아 있다. 성의 둘레는 3,051척이라고 기록되어 있는데, 그 범위는 약 3㎞에 달한다.
 자연 암벽을 최대한으로 이용한 산성으로 성 안에서 발견된 옛 그릇조각과 기와조각으로 보아, 통일신라에서 고려시대까지 사용된 것으로 보인다."
내곡모감주나무군락,시도기념물,대구 동구,"
			
	             
	                 
	                 
	                     대구 동구 내곡동 221, 산91
	                 
	             
	         
	         
		",128.75371716325,35.8832174105109,"모감주나무는 중국·대만·일본 등지에 분포하며, 우리나라에서는 황해도와 강원특별자치도 이남에서 자라고 있다. 여름에 노란 꽃이 피고 열매는 콩알보다 약간 큰데, 열매가 둥글고 검으며 윤기가 있어 염주를 만드는데 쓰인다. 스님들은 이 열매로 염주를 만들기 때문에 염주나무 또는 보리수라 부른다.
 내곡 모감주나무군락은 다른 지역의 모감주나무보다 둘레나 나이면에서 훨씬 크고 오래되었으며, 나무의 보호측면이나 희귀수종보호 및 생물학적인 측면에서 중요한 가치를 지니고 있다."
사월동지석묘군,시도기념물,대구 수성구,"
			
	             
	                 
	                 
	                     대구 수성구 사월동 464번지
	                 
	             
	         
	         
		",128.714214433377,35.8407412654589,"지석묘는 청동기시대의 대표적인 무덤으로 고인돌이라고도 부르며, 주로 경제력이 있거나 정치권력을 가진 지배층의 무덤으로 알려져 있다.
 우리나라의 고인돌은 4개의 받침돌을 세워 지상에 돌방을 만들고 그 위에 거대하고 평평한 덮개돌을 올려 놓은 탁자식과, 땅 속에 돌방을 만들고 작은 받침돌을 세운 뒤 그 위에 덮개돌을 올린 바둑판식으로 구분된다.
 대구시 수성구 사월동에 있는 이 고인돌은 바둑판식으로 4기가 무리지어 있다. 덮개돌의 길이는 1.7∼2.37m, 너비는 1.1∼1.6m이며 받침돌 높이는 0.7m∼1.27m 정도이다. 
 무리지어 있는 고인돌을 마을에서는 ‘칠성바위’라 부르고 있는 것으로 보아, 과거에는 모두 7기의 고인돌이 있었던 것으로 보인다."
국우동탱자나무,시도기념물,대구 북구,"
			
	             
	                 
	                 
	                     대구 북구 도남길 45-7 (국우동)
	                 
	             
	         
	         
		",128.580380691272,35.9530312843189,"탱자나무는 주로 경상·전라도 지방에 분포하며 일본·중국에서도 자란다. 우리나라와 일본의 나무는 중국에서 전래된 것으로 추측되고 있다. 열매와 껍질은 약재로 사용되며 줄기에 가시가 나 있어 울타리용으로 적합하다.
국우동의 배종현씨 집 뒤뜰에는 옛날 울타리로 심었던 것으로 추정되는 오래된 탱자나무 세 그루가 자라고 있다. 나무의 나이는 400년에 가까운 것으로 보이며, 세 그루 중 서쪽 언덕의 탱자나무는 지면 가까이에서 가지가 여러 갈래로 나뉘어졌는데 밑둘레가 1.7m에 이른다. 맨 동쪽에 서 있는 탱자나무는 높이 0.7m, 밑둘레 1.4m이고, 가지는 동남쪽으로 뻗어 자라고 있다.
국우동의 탱자나무는 다른 천연기념물이나 기념물에 뒤지지 않는 크기와 수령의 것들로 기념물로 지정하여 보호하고 있다."
예연서원,시도기념물,대구 달성군,"
			
	             
	                 
	                 
	                     대구광역시 달성군 구례길 123 (유가읍, 예연서원)
	                 
	             
	         
	         
		",128.468042567063,35.6558218532506,"임진왜란 때 의병장으로 활동했던 곽재우(1552∼1617)의 충절을 추모하기 위해 세운 서원이다.
 곽재우는 임진왜란이 일어나자 의병을 조직하여 경상도 일대에서 활약하여 큰 공을 세운 인물로 붉은 옷을 입은 장군이라는 뜻의 ‘홍의장군’으로도 널리 알려져 있다.
 광해군 10년(1618)에 ‘충현사’로 처음 세웠고 현종 15년(1674)에 규모를 확장하여 서원의 모습을 갖추었다. 숙종 3년(1677) 나라에서 인정한 사액서원으로 ‘예연’이라는 이름을 받았다. 흥선대원군의 서원철폐령으로 고종 5년(1868)에 폐쇄되었고 한국전쟁으로 완전히 소실된 것을 1977년과 1984년에 걸쳐 복원하였다. 현재는 곽재우의 재종숙으로 정유재란 때 공을 세운 곽준의 위패를 추가로 모시고 있다.
 경내 건물로는 사당과 강당 등 주요 건물과 제물을 준비하여 두던 고사, 숙소로 사용되던 동·서재 등이 있다. 사당은 곽재우와 곽준의 위패를 모시고 있는 건물이다. 강당은 유림의 회합장소와 교육 장소로 사용하던 건물로 중앙에는 마루를 구성하고 양 옆으로 온돌방을 배치한 구조이다.
 해마다 3월과 9월에 제사를 지낸다. 경내에는 나라에 어려운 일이 있을 때마다 땀을 흘린다는 비석이 있어 흥미롭다."
상동지석묘군,시도기념물,대구 수성구,"
			
	             
	                 
	                 
	                     대구광역시 수성구 상동 501
	                 
	             
	         
	         
		",128.611603499139,35.8276594221444,"수성구 상동 501번지 일대에 분포했던 지석묘군으로 현재는 상석 4개가 이동되어 임의로 배치되어 있다. 1998년 국립대구박물관에서 발굴조사한 바에 의하면 지상의 상석은 이동되어 원위치는 파악하기 어렵게 되어 있기는 하나 지하묘구는 15m×15m 구역내에서 30여기의 석관·석곽이 원상으로 분포되어 있음이 확인되었다. 
묘구는 평면 장방형이였고, 대개 길이는 2m, 폭은 40㎝, 벽고는 30㎝ 정도의 규모였다. 묘구의 유형은 석관형과 석곽형의 두 종류가 있고, 석관은 네 벽을 판석으로 세워 구축했고, 석곽형은 천석 또는 천석과 판상석을 혼용해서 구축했다. 바닥은 자갈 또는 잔 할석을 전면에 깐 것과 반듯하게 자른 판상석을 몇장 깐 것 또 시상 받침돌을 더문더문 놓아 둔 형식이 있다. 
이 곳 좁은 구역에 밀집 분포하는 묘구는 배치와 사용 석재의 종류를 통해서 묘구간의 관계를 추측 가능케 하고 있어 주목된다. 또 매장방법에 대한 보다 구체적인 정보를 제공해 준다고 한다. 
묘구에서는 일단병식 석검과 유경식 석검, 석족이 출토되었으나 토기의 부장은 확인되지 않았다. 이들 석기는 대봉동, 이천동 지석묘의 출토품과 유형을 같이 하고 있다. 
묘구형태에서 주목되는 현상은 종전까지 지석묘는 모두 수혈식 묘구로 보고되어 왔으나 여기서 수혈계 횡구식의 매장법이 사용되었을 가능성을 시사하는 유구가 확인되었다."
천내리지석묘군,시도기념물,대구 달성군,"
			
	             
	                 
	                 
	                     대구광역시 달성군 화원읍 천내리 515-1 일대
	                 
	             
	         
	         
		",128.502143879081,35.8030958693453,"대구 달성군 화원읍의 천내리(川內里)와 성산리(城山里) 일대에는 과거 많은 지석묘(支石墓)가 분포했다고 한다. 그러나 지금은 이 곳에 있는 8기만이 유일하게 남북으로 열을 지어 있다.  3기는 화장사(華藏寺) 경내에 1기는 화장사 담에 걸쳐서, 4기는 화장사 바깥의 화원교도소 외곽에 위치하고 있다. 마을 사람들은 칠성바위라 부르고 있다.
  이 곳의 지석묘는 부정형의 거대한 암석을 상석으로 하고, 일열로 배치되어 한 집단을 이루고 있다. 상석의 장축방향은 북동-남서간 선상에 있다. 지석의 유무는 외형상 확인되지는 않으나 원래 없었던 것으로 추측된다. 이 지역에 현존하는 지석묘중 가장 큰 규모에 속하는 유적이다."
냉천리지석묘군,시도기념물,대구 달성군,"
			
	             
	                 
	                 
	                     가창면 냉천리 385-1 일대
	                 
	             
	         
	         
		",128.644373728734,35.7810542364038,신천 유역의 많은 지석묘가 급격한 도시의 팽창과 경지정리 등으로 멸실되어 가고 있는 현실에서 양호하게 원형을 보존하고 있는 유적이다. 전형적인 바둑판식으로 신천변에 영위되던 당대의 사회상을 파악할 수 있는 학술적 자료로 가치가 크다
봉무동고분군,시도기념물,대구 동구,"
			
	             
	                 
	                 
	                     대구광역시 동구 봉무동 산 146 외
	                 
	             
	         
	         
		",128.646234868229,35.9175426699735,"봉무동고분군은 동구 봉무동 영신학교 부지 동남쪽에 접한 구릉에 분포한다. 봉무동고분군이 밀집된 구릉은 사적 제262호 불로동고분군과는 경부고속도로(좁은 산간저지)를 사이에 두고 남북으로 대치하는 위치에 입지하고 있어 불로동고분군과 더불어 고분시대와 그 외 시대의 지역 주민의 장법 및 문화적 변모상을 밝히는데 중요한 유적이 된다. 
2003년 영신학교 부지정지 때 봉무동고분군의 북단부에 해당하는 구릉 하단부에서 소형봉토분 5기, 석곽묘 7기, 고려 석곽묘 4기, 토광묘 1기를 발굴조사하였다. 봉토분은 횡구식석실 구조로서 주실의 4벽은 최하단을 대형 판상석을 2~3매 쌓고, 그 위에 작은 할석을 평적하는 형태이며 횡구의 입구부는 가장자리에 판상할석을 세우고 안쪽에 얇은 할석으로 폐쇄했다. 이는 봉무동을 벗어난 대구일원에서는 볼 수 없는 묘구이다. 
석곽묘는 할석을 평적하여 축조한 수혈식 구조로서 바닥은 시상 공간과 부장품 안치 공간 사이에 돌로 싼 격벽을 마련했다. 이러한 격벽 구조는 불로동고분군이나 소형석곽분에서도 볼 수 있는 것으로 이는 지역집단인 불로동과 봉무동 사이에 동류성을 지니고 있음을 반영한다. 대체로 고분의 조성시기는 5~6세기임이 밝혀졌다. 
봉무동고분군은 동서600m, 남북300m의 타원형상의 구릉상에 밀집한다. 외견상의 분포상황이기는 하나 고분기수는 132기 정도가 확인된다."
노변동사직단,시도기념물,대구 수성구,"
			
	             
	                 
	                 
	                     대구광역시 수성구 노변동 407-4 일대
	                 
	             
	         
	         
		",128.702160450602,35.830927600727,"노변동 사직단은 문헌상으로 확인되었던 조선시대 사직단이 매우 양호한 상태로 발굴된 것으로
조선시대 사직단의 구조와 규모 등을 명확히 알 수 있는 자료이다."
초곡산성,시도기념물,대구 달성군,"
			
	             
	                 
	                 
	                     대구광역시 달성군 유가면 초곡리 산1 일대
	                 
	             
	         
	         
		",128.487367806848,35.717291247542,"초곡산성은 비슬산 유가사 서쪽 해발 700미터 산 정상에 위치하여 북동에서 남서방향으로 길게 타원형으로 자리 잡은 성으로, 성의 둘레는 1,700미터이며 산성 내에 분포한 고분군으로 보아 삼국시대 축성된 산성으로 여겨진다.
성곽의 형태는 꼭대기가 평탄하며 절벽인 자연지형을 이용한 퇴뫼식 산성으로 성내부에는 성문, 망루 등의 흔적뿐만 아니라 기와, 우물, 고분군 등이 확인되어 달성군 현풍면, 유가면 일대의 중요한 유적으로 역사적 가치가 있다."
둔산동경주최씨종가및보본당사당,시도민속문화유산,대구 동구,"
			
	             
	                 
	                 
	                     대구 동구 옻골로 195-5 (둔산동)
	                 
	             
	         
	         
		",128.6868034,35.9081329,"조선 인조 때의 학자 대암 최동집이 이곳에 정착하면서 지은 집이다. 
 대구 지방에 있는 조선시대 주택 중 가장 오래되었으며, 살림채와 재실·사당으로 구성되어 있다. 숙종 20년(1694)에 지은 안채와 광무 9년(1905)에 다시 지은 사랑채가 살림채를 구성한다. 사랑채는 대원군의 서원철폐령으로 동천서원을 없앨 때 철거한 자재의 일부를 사용하여 다시 지은 것이라고 한다.
 살림채의 오른편에 있는 보본당은 영조 18년(1742)에 지은 사당으로, 제사지내는 재실로 사용하고 있다. 그 뒤편에 있는 2동의 사당은 최동집과 조선 정조 때의 학자인 최흥원의 위패를 모시고 있다.
 안채와 사랑채·재실·가묘·별묘 등이 조화를 이룬 큰 규모의 주택으로 조선시대 양반 주택과 그 생활 양식을 연구하는데 귀중한 자료가 되고 있다."
신당동석장승,시도민속문화유산,대구 달서구,"
			
	             
	                 
	                 
	                     대구 달서구 신당동 676번지
	                 
	             
	         
	         
		",128.49015608268,35.857085906814,"마을 입구에 서 있는 돌장승이다. 장승은 민간신앙의 한 형태로, 보통 몸체에 그 역할을 나타내는 글을 새겨 그것에 따라 부르는 경우가 많은데, 이 장승에는 이러한 기록이 없으며, 마을사람들에 의해 ‘장승비’라 불리우고 있다.
 장승은 네모난 돌기둥을 다듬어 한 면에 얼굴을 새겨 두었다. 기둥 정상에는 모자 모양을 새기고, 얼굴에는 눈썹·눈 ·코·입을 새겨 놓았는데, 입은 약간 웃는 듯한 모습이며, 코는 약간 떨어져 나갔다. 손에는 여의주봉을 들고 있어 일반적인 장승과는 다른 모습이다. 기둥 정상의 모자 조각으로 보아 문관의 형상으로 보이나, 얼굴 각 부분의 표현이 소박하고 자비스러운 이미지를 풍기고 있어 미륵형 장승으로 보이기도 한다.
 장승은 가슴에 새기는 기록과 생김새, 서 있는 자리에 따라 여러 의미를 갖는데 이 장승의 경우, 코부분이 떨어져 나가고, 여의주봉을 들고 있는 외형상의 특징으로 보아 장승의 눈이나 코를 달여 먹으면 임신이 된다는 속설에 따라 아이 낳기를 원하는 여자들이 복을 빌던 대상이 되었거나, 잡귀나 질병으로부터 마을 전체를 보호하는 수호신으로서의 기능을 하였던 것으로 짐작된다. 더불어 장승이 마을 입구에 자리하고 있고, 이 마을의 터가 예전에는 절의 입구였다고 전하는 것으로 보아, 마을의 보호와 함께 사찰 경내의 경건함을 지키는 수호역할도 담당했던 것으로 보인다.
 조선시대의 작품으로, 돌장승이 많이 존재하지 않는 대구 지역에서 복합적인 기능을 담당하는 장승신앙의 한 형태로 남아 있다."
남평문씨본리세거지,시도민속문화유산,대구 달성군,"
			
	             
	                 
	                 
	                     대구 달성군 화원읍 인흥3길 16 (본리리)
	                 
	             
	         
	         
		",128.518173404367,35.7928474107297,"이곳은 고려말의 충신이며 원나라로부터 목화씨를 가져와 우리나라 의복문화에 혁신을 가져온 문익점의 18세손인 문경호가 1840년을 전후하여 터를 잡아 남평문씨 일족이 모여 살던 곳이다. 원래 인흥사의 절터였던 곳을 구획하여 집터와 도로를 반듯하게 정리하고 집을 지었다.
현재 아홉 가구의 살림집과 수봉정사, 광거당, 인수문고 등이 한울속에 정연하게 자리잡고 있는데, 풍치 있는 토담으로 둘러싸인 부지 안에 총 70여 채의 전통와가가 들어서 있다.
수봉정사는 세거지의 입구에 있는 정자로 정원을 매우 아름답게 꾸민 곳이다. 주로 손님을 맞고 일족의 모임을 열 때 사용하던 큰 규모의 건물이다. 광거당은 문중의 자제들이 학문과 교양을 쌓던 수양장소이다. 또 인수문고는 문중의 서고로, 규장각 도서를 포함한 책 1만여 권을 소장하고 있다. 처음에는 작은 규모였으나 후에 크게 늘려지었고, 도서열람을 위한 건물도 따로 지어놓았다."
용수동당산,시도민속문화유산,대구 동구,"
			
	             
	                 
	                 
	                     대구 동구 용수동 420번지
	                 
	             
	         
	         
		",128.67569549906,35.9722368323991,"팔공산 동화사로 가는 길목의 왼쪽 골짜기에는 용수 마을이 자리하고 있다. 마을에는 직접적인 신앙의 대상물이 되고 있는 당산이 있는데, 여러 그루의 나무사이에 크고 작은 자연석을 둥글게 쌓아 올려 비교적 매끄러운 모습을 간직하고 있다.
 이곳에서 마을의 안녕과 번영을 기원하는 제사를 지내는데, 제사비용은 마을 공동으로 마련하고, 마을 어른들이 모여 제관을 정하게 된다. 선출된 제관은 제사 당일 마을 앞 개울에서 목욕재개한 후 혼자서 제사를 올린다. 마을에 전하는 바에 따르면 이 마을에 맨 처음 자리잡고 살게 된 ‘배씨(裵氏)’와‘구씨(具氏)’가 마을 입구에 나무를 심고 돌을 쌓아 제사를 지내기 시작한데서 이 당산이 유래되었다고 한다. 
 마을 주민이 한 자리에 모여 함께 진행하던 당굿과 동제의 풍습은 1970년대 후반부터 자취를 감추었지만 당산만은 여전히 마을을 지키는 수호신으로서 당당한 자리매김을 하고 있다."
논공천왕당,시도민속문화유산,대구 달성군,"
			
	             
	                 
	                 
	                     논공읍 북리 462
	                 
	             
	         
	         
		",128.451950056752,35.7249710410088,"천왕당은 마을 수호신을 모시고 주민의 안녕과 풍요를 기원하는 제당이다. 1940년대의 보고에 의하면 대구부근에서는 누석단을 천왕당거리 또는 귀천왕이라 칭하고 당이 건립된 것을 천왕당이라 한다 했다. 또한 1982년의 보고에는 영천 경주 등지에서는 서낭당을 천왕당이라 부른다고 하였다. 
 서낭신앙은 중국에서 고려시대에 전래한 신앙인데 양자의 신앙적 기능이 서로 비슷하여 복합된 것이라 보기도 한다. 즉 대구를 비롯한 경북일대에서는 서낭당을 천왕당이라 부르기도 하고 성황당이라 부르는 곳도 있다.
  이곳 천왕당은 논공읍 남리와 북리 두 마을의 안녕을 기원하기 위해 세운 신당으로 남리의 동쪽 산중턱에 자리잡고 있다. 천왕당의 측면과 배면에는 돌담을 둘렀으며 주위에는 노송들이 에워싸고 있다.  이 건물은 원래 마을 입구(현재 남리 680-1번지일원)에 있었으나 1924년 이곳으로 이건한 것으로 최초의 건립은 상량문에 咸豊3년9월(1853년)이라 적혀 있다."
